wandb: Using wandb-core as the SDK backend. Please refer to https://wandb.me/wandb-core for more information.
wandb: Tracking run with wandb version 0.18.3
wandb: W&B syncing is set to `offline` in this directory.  
wandb: Run `wandb online` or set WANDB_MODE=online to enable cloud syncing.
wandb: - 0.000 MB of 0.000 MB uploadedwandb:                                                                                
wandb: 
wandb: Run history:
wandb:                                             epoch ▁▁▁▁▁▂▂▂▂▃▃▃▄▄▄▄▄▄▄▄▅▅▅▅▅▆▆▆▆▆▇▇▇▇▇▇▇███
wandb:                                     learning_rate ███████▇▇▇▇▇▇▇▇▆▆▆▅▅▅▄▄▄▄▃▃▃▃▃▂▂▂▁▁▁▁▁▁▁
wandb:           test_results_per_env/classroom/accuracy ▁
wandb:  test_results_per_env/classroom/balanced_accuracy ▁
wandb:    test_results_per_env/classroom/empty_threshold ▁
wandb:                test_results_per_env/classroom/mae ▁
wandb: test_results_per_env/classroom/occupancy_accuracy ▁
wandb:       test_results_per_env/classroom/occupancy_f1 ▁
wandb:                                          train_kd ▁▁▁▁▁▁▁▁▁▁▁▁▁▁▁▁▁▁▁▁▁▁▁▁▁▁▁▁▁▁▁▁▁▁▁▁▁▁▁▁
wandb:                                        train_loss ███████████████████▇▆▆▆▅▅▄▄▄▃▃▃▂▂▂▁▁▁▂▂▁
wandb:                                    valid_accuracy ▅▅▇▅█▆▇▆▆▁▄▄▄▄▄▄▄▄▄▄▄▄▄▄▄▄▄▄▄▄▄▄▄▄▄▄▄▄▄▄
wandb:                           valid_accuracy_smoothed ▅▆▆▆▇█▇█▄▃▁▂▂▃▃▃▃▃▃▃▃▃▃▃▃▃▃▃▃▃▃▃▃▃▃▃▃▃▃▃
wandb:                           valid_balanced_accuracy ▆▆▆▅▆▆▆█▇▇▁▁▁▁▁▁▁▁▁▁▁▁▁▁▁▁▁▁▁▁▁▁▁▁▁▁▁▁▁▁
wandb:                  valid_balanced_accuracy_smoothed ▆▆▆▇▇▇▇███▅▄▂▁▁▁▁▁▁▁▁▁▁▁▁▁▁▁▁▁▁▁▁▁▁▁▁▁▁▁
wandb:                             valid_empty_threshold ▂▁▁▁▁▁▁▁▁███████████████████████████████
wandb:                    valid_empty_threshold_smoothed ▁▁▁▁▁▁▁▁▅▆▇█████████████████████████████
wandb:                                          valid_kd ▁▁▁▁▁▁▁▁▁▁▁▁▁▁▁▁▁▁▁▁▁▁▁▁▁▁▁▁▁▁▁▁▁▁▁▁▁▁▁▁
wandb:                                        valid_loss ███████████████▇▇▆▆▆▆▅▅▅▅▄▄▄▄▄▃▃▂▂▂▂▂▁▁▁
wandb:                                         valid_mae ▂▂▂▂▁▂▂▁▁█▆▆▆▆▆▆▆▆▆▆▆▆▆▆▆▆▆▆▆▆▆▆▆▆▆▆▆▆▆▆
wandb:                                valid_mae_smoothed ▂▂▂▂▂▁▁▁▇███████████████████████████████
wandb:                          valid_occupancy_accuracy ▆▇▇▇█████▁▁▁▁▁▁▁▁▁▁▁▁▁▁▁▁▁▁▁▁▁▁▁▁▁▁▁▁▁▁▁
wandb:                 valid_occupancy_accuracy_smoothed ▆▆▆▇█████▄▂▁▁▁▁▁▁▁▁▁▁▁▁▁▁▁▁▁▁▁▁▁▁▁▁▁▁▁▁▁
wandb:                                valid_occupancy_f1 ███▇██████▁▂▂▁▂▂▂▂▂▂▂▂▂▂▂▂▂▂▂▂▂▂▂▂▂▂▂▂▂▂
wandb:                       valid_occupancy_f1_smoothed ▇▇██████▄▃▁▁▁▁▁▁▁▁▁▁▁▁▁▁▁▁▁▁▁▁▁▁▁▁▁▁▁▁▁▁
wandb:                         valid_occupancy_threshold ▄▇▁▄█▄▆▆▆▆▆▆▆▆▆▆▆▆▆▆▆▆▆▆▆▆▆▆▆▆▆▆▆▆▆▆▆▆▆▆
wandb:                valid_occupancy_threshold_smoothed ▃▂▁▄▇███████████████████████████████████
wandb: 
wandb: Run summary:
wandb:                                             epoch 99
wandb:                                     learning_rate 0.0001
wandb:           test_results_per_env/classroom/accuracy 0.18235
wandb:  test_results_per_env/classroom/balanced_accuracy 0.14843
wandb:    test_results_per_env/classroom/empty_threshold 0.14069
wandb:                test_results_per_env/classroom/mae 1.59915
wandb: test_results_per_env/classroom/occupancy_accuracy 0.51281
wandb:       test_results_per_env/classroom/occupancy_f1 0.50465
wandb:                                          train_kd 0
wandb:                                        train_loss -8.268424962312567e+17
wandb:                                    valid_accuracy 0.24468
wandb:                           valid_accuracy_smoothed 0.24468
wandb:                           valid_balanced_accuracy 0.25
wandb:                  valid_balanced_accuracy_smoothed 0.25
wandb:                             valid_empty_threshold 1
wandb:                    valid_empty_threshold_smoothed 1.0
wandb:                                          valid_kd 0
wandb:                                        valid_loss -6.797612441225134e+17
wandb:                                         valid_mae 1.84043
wandb:                                valid_mae_smoothed 1.84043
wandb:                          valid_occupancy_accuracy 0.54468
wandb:                 valid_occupancy_accuracy_smoothed 0.54468
wandb:                                valid_occupancy_f1 0.33333
wandb:                       valid_occupancy_f1_smoothed 0.33333
wandb:                         valid_occupancy_threshold 0.5
wandb:                valid_occupancy_threshold_smoothed 0.5
wandb: 
wandb: You can sync this run to the cloud by running:
wandb: wandb sync /cluster/raid/home/jajo/AMAR/wandb/offline-run-20261006_024031-6abf8158
wandb: Find logs at: ./wandb/offline-run-20261006_024031-6abf8158/logs
wandb: Tracking run with wandb version 0.18.3
wandb: W&B syncing is set to `offline` in this directory.  
wandb: Run `wandb online` or set WANDB_MODE=online to enable cloud syncing.
wandb: - 0.000 MB of 0.000 MB uploadedwandb:                                                                                
wandb: 
wandb: Run history:
wandb:                                             epoch ▁▁▁▁▁▂▂▂▂▂▃▃▃▃▃▃▄▄▄▄▄▄▅▅▅▅▅▆▆▆▆▆▆▇▇▇████
wandb:                                     learning_rate ███████▇▇▇▆▆▆▆▆▅▅▅▅▅▄▄▄▄▄▃▃▃▃▂▂▁▁▁▁▁▁▁▁▁
wandb:           test_results_per_env/classroom/accuracy ▁
wandb:  test_results_per_env/classroom/balanced_accuracy ▁
wandb:    test_results_per_env/classroom/empty_threshold ▁
wandb:                test_results_per_env/classroom/mae ▁
wandb: test_results_per_env/classroom/occupancy_accuracy ▁
wandb:       test_results_per_env/classroom/occupancy_f1 ▁
wandb:                                          train_kd ▁▁▁▁▁▁▁▁▁▁▁▁▁▁▁▁▁▁▁▁▁▁▁▁▁▁▁▁▁▁▁▁▁▁▁▁▁▁▁▁
wandb:                                        train_loss ██████████████▇▇▇▇▇▆▅▅▄▅▄▄▄▃▄▃▂▃▂▂▂▁▂▁▃▁
wandb:                                    valid_accuracy ▆▆▆▇█▄▄▄▁▁▁▁▁▁▁▁▁▁▁▁▁▁▁▁▁▁▁▁▁▁▁▁▁▁▁▁▁▁▁▁
wandb:                           valid_accuracy_smoothed ▆▇██▇█▅▅▃▂▁▁▁▁▁▁▁▁▁▁▁▁▁▁▁▁▁▁▁▁▁▁▁▁▁▁▁▁▁▁
wandb:                           valid_balanced_accuracy ▇▆▆▇█▁▁▁▁▁▁▁▁▁▁▁▁▁▁▁▁▁▁▁▁▁▁▁▁▁▁▁▁▁▁▁▁▁▁▁
wandb:                  valid_balanced_accuracy_smoothed ▇▇██▆▃▂▂▁▁▁▁▁▁▁▁▁▁▁▁▁▁▁▁▁▁▁▁▁▁▁▁▁▁▁▁▁▁▁▁
wandb:                             valid_empty_threshold ▂▂▁▁▁▁▁█████████████████████████████████
wandb:                    valid_empty_threshold_smoothed ▁▁▁▁▁▁▁▃▅▇██████████████████████████████
wandb:                                          valid_kd ▁▁▁▁▁▁▁▁▁▁▁▁▁▁▁▁▁▁▁▁▁▁▁▁▁▁▁▁▁▁▁▁▁▁▁▁▁▁▁▁
wandb:                                        valid_loss ███████████████▇▇▆▆▆▅▅▅▄▄▄▃▃▃▃▂▂▂▂▂▂▂▂▁▁
wandb:                                         valid_mae ▁▂▁▁▁███████████████████████████████████
wandb:                                valid_mae_smoothed ▄▃▃▂▂▁▁▇▆▅▅▆▇▇██████████████████████████
wandb:                          valid_occupancy_accuracy ▅▇███▁▁▁▁▁▁▁▁▁▁▁▁▁▁▁▁▁▁▁▁▁▁▁▁▁▁▁▁▁▁▁▁▁▁▁
wandb:                 valid_occupancy_accuracy_smoothed ▆▇▇█▅▂▁▁▁▁▁▁▁▁▁▁▁▁▁▁▁▁▁▁▁▁▁▁▁▁▁▁▁▁▁▁▁▁▁▁
wandb:                                valid_occupancy_f1 ▇██▇█▁▄▅▅▄▄▄▄▄▄▄▄▄▄▄▄▄▄▄▄▄▄▄▄▄▄▄▄▄▄▄▄▄▄▄
wandb:                       valid_occupancy_f1_smoothed ▇▇█████▃▂▂▁▁▁▁▁▁▁▁▁▁▁▁▁▁▁▁▁▁▁▁▁▁▁▁▁▁▁▁▁▁
wandb:                         valid_occupancy_threshold ▄▂▄▂▃▁█▂█▄▄▄▄▄▄▄▄▄▄▄▄▄▄▄▄▄▄▄▄▄▄▄▄▄▄▄▄▄▄▄
wandb:                valid_occupancy_threshold_smoothed ▁▂▂▂▄███▇▇▇▇▇▇▇▇▇▇▇▇▇▇▇▇▇▇▇▇▇▇▇▇▇▇▇▇▇▇▇▇
wandb: 
wandb: Run summary:
wandb:                                             epoch 99
wandb:                                     learning_rate 0.0001
wandb:           test_results_per_env/classroom/accuracy 0.21797
wandb:  test_results_per_env/classroom/balanced_accuracy 0.31397
wandb:    test_results_per_env/classroom/empty_threshold 0.14071
wandb:                test_results_per_env/classroom/mae 1.57735
wandb: test_results_per_env/classroom/occupancy_accuracy 0.558
wandb:       test_results_per_env/classroom/occupancy_f1 0.55123
wandb:                                          train_kd 0
wandb:                                        train_loss -1.2402976685273981e+18
wandb:                                    valid_accuracy 0.16223
wandb:                           valid_accuracy_smoothed 0.16223
wandb:                           valid_balanced_accuracy 0.25
wandb:                  valid_balanced_accuracy_smoothed 0.25
wandb:                             valid_empty_threshold 1
wandb:                    valid_empty_threshold_smoothed 1.0
wandb:                                          valid_kd 0
wandb:                                        valid_loss -1.1379063676595077e+18
wandb:                                         valid_mae 1.60638
wandb:                                valid_mae_smoothed 1.60638
wandb:                          valid_occupancy_accuracy 0.56383
wandb:                 valid_occupancy_accuracy_smoothed 0.56383
wandb:                                valid_occupancy_f1 0.45333
wandb:                       valid_occupancy_f1_smoothed 0.45333
wandb:                         valid_occupancy_threshold 0.5
wandb:                valid_occupancy_threshold_smoothed 0.5
wandb: 
wandb: You can sync this run to the cloud by running:
wandb: wandb sync /cluster/raid/home/jajo/AMAR/wandb/offline-run-20261006_025937-i96bjh32
wandb: Find logs at: ./wandb/offline-run-20261006_025937-i96bjh32/logs
wandb: Tracking run with wandb version 0.18.3
wandb: W&B syncing is set to `offline` in this directory.  
wandb: Run `wandb online` or set WANDB_MODE=online to enable cloud syncing.
wandb: - 0.000 MB of 0.000 MB uploadedwandb:                                                                                
wandb: 
wandb: Run history:
wandb:                                             epoch ▁▁▁▁▁▂▂▂▂▂▂▃▃▃▃▃▄▄▄▄▄▄▄▅▅▅▅▆▆▆▆▇▇▇▇▇▇███
wandb:                                     learning_rate █████████▇▇▇▇▇▇▆▆▆▆▅▅▅▄▄▄▃▃▃▃▂▂▁▁▁▁▁▁▁▁▁
wandb:           test_results_per_env/classroom/accuracy ▁
wandb:  test_results_per_env/classroom/balanced_accuracy ▁
wandb:    test_results_per_env/classroom/empty_threshold ▁
wandb:                test_results_per_env/classroom/mae ▁
wandb: test_results_per_env/classroom/occupancy_accuracy ▁
wandb:       test_results_per_env/classroom/occupancy_f1 ▁
wandb:                                          train_kd ▁▁▁▁▁▁▁▁▁▁▁▁▁▁▁▁▁▁▁▁▁▁▁▁▁▁▁▁▁▁▁▁▁▁▁▁▁▁▁▁
wandb:                                        train_loss ████████████████████▇▇▇▇▆▆▅▅▄▃▃▃▃▂▂▁▁▂▁▁
wandb:                                    valid_accuracy ▆▆▆█▇▆▇█▆▇▇▅▁▅▁▁▁▁▁▁▁▁▁▁▁▁▁▁▁▁▁▁▁▁▁▁▁▁▁▁
wandb:                           valid_accuracy_smoothed ▇▇▇▇███▆▅▅▃▃▂▁▁▁▁▁▁▁▁▁▁▁▁▁▁▁▁▁▁▁▁▁▁▁▁▁▁▁
wandb:                           valid_balanced_accuracy ▆▆▆▆▇▇█▆▇▁▁▁▁▁▁▁▁▁▁▁▁▁▁▁▁▁▁▁▁▁▁▁▁▁▁▁▁▁▁▁
wandb:                  valid_balanced_accuracy_smoothed ▆▆▇▇█▇████▁▁▁▁▁▁▁▁▁▁▁▁▁▁▁▁▁▁▁▁▁▁▁▁▁▁▁▁▁▁
wandb:                             valid_empty_threshold ▂▁▂▁▁▁▁▁▁▁▁▁▁▁██████████████████████████
wandb:                    valid_empty_threshold_smoothed ▁▁▁▁▁▁▁▁▁▁▃▅▆▇▇█████████████████████████
wandb:                                          valid_kd ▁▁▁▁▁▁▁▁▁▁▁▁▁▁▁▁▁▁▁▁▁▁▁▁▁▁▁▁▁▁▁▁▁▁▁▁▁▁▁▁
wandb:                                        valid_loss ██████████████████▇▇▇▆▆▅▅▄▄▃▃▃▃▂▂▂▂▂▁▁▁▁
wandb:                                         valid_mae ▂▁▁▁▂▁▁▁▁▁▆▆▆███████████████████████████
wandb:                                valid_mae_smoothed ▂▂▂▂▁▁▁▁▁▁▃▄▅▅▇▇████████████████████████
wandb:                          valid_occupancy_accuracy ▆▇▇▇▇█████▁▁▁▁▁▁▁▁▁▁▁▁▁▁▁▁▁▁▁▁▁▁▁▁▁▁▁▁▁▁
wandb:                 valid_occupancy_accuracy_smoothed ▆▇▇▇▇██▃▂▂▁▁▁▁▁▁▁▁▁▁▁▁▁▁▁▁▁▁▁▁▁▁▁▁▁▁▁▁▁▁
wandb:                                valid_occupancy_f1 ███████▃▃▂▁▂▁▁▁▁▁▁▁▁▁▁▁▁▁▁▁▁▁▁▁▁▁▁▁▁▁▁▁▁
wandb:                       valid_occupancy_f1_smoothed ▇▇▇██████▅▂▁▁▁▁▁▁▁▁▁▁▁▁▁▁▁▁▁▁▁▁▁▁▁▁▁▁▁▁▁
wandb:                         valid_occupancy_threshold ▂▄▁▃█▂▂▁▁▃▄▄▄▄▄▄▄▄▄▄▄▄▄▄▄▄▄▄▄▄▄▄▄▄▄▄▄▄▄▄
wandb:                valid_occupancy_threshold_smoothed ▅▆█▆▅▄▄▅▁▃▆█████████████████████████████
wandb: 
wandb: Run summary:
wandb:                                             epoch 99
wandb:                                     learning_rate 0.0001
wandb:           test_results_per_env/classroom/accuracy 0.13238
wandb:  test_results_per_env/classroom/balanced_accuracy 0.21352
wandb:    test_results_per_env/classroom/empty_threshold 0.10589
wandb:                test_results_per_env/classroom/mae 2.15577
wandb: test_results_per_env/classroom/occupancy_accuracy 0.4823
wandb:       test_results_per_env/classroom/occupancy_f1 0.31548
wandb:                                          train_kd 0
wandb:                                        train_loss -2.894942443755695e+17
wandb:                                    valid_accuracy 0.09574
wandb:                           valid_accuracy_smoothed 0.09574
wandb:                           valid_balanced_accuracy 0.25
wandb:                  valid_balanced_accuracy_smoothed 0.25
wandb:                             valid_empty_threshold 1
wandb:                    valid_empty_threshold_smoothed 1.0
wandb:                                          valid_kd 0
wandb:                                        valid_loss -2.823931376393257e+17
wandb:                                         valid_mae 2.24468
wandb:                                valid_mae_smoothed 2.24468
wandb:                          valid_occupancy_accuracy 0.55106
wandb:                 valid_occupancy_accuracy_smoothed 0.55106
wandb:                                valid_occupancy_f1 0.24911
wandb:                       valid_occupancy_f1_smoothed 0.24911
wandb:                         valid_occupancy_threshold 0.5
wandb:                valid_occupancy_threshold_smoothed 0.5
wandb: 
wandb: You can sync this run to the cloud by running:
wandb: wandb sync /cluster/raid/home/jajo/AMAR/wandb/offline-run-20261006_031839-1dtp5ajg
wandb: Find logs at: ./wandb/offline-run-20261006_031839-1dtp5ajg/logs
wandb: Tracking run with wandb version 0.18.3
wandb: W&B syncing is set to `offline` in this directory.  
wandb: Run `wandb online` or set WANDB_MODE=online to enable cloud syncing.
wandb: - 0.000 MB of 0.000 MB uploadedwandb:                                                                                
wandb: 
wandb: Run history:
wandb:                                             epoch ▁▁▁▁▂▂▂▂▂▃▃▃▃▃▄▄▄▄▄▄▄▅▅▅▅▅▅▆▆▇▇▇▇▇▇▇▇███
wandb:                                     learning_rate █████████▇▇▇▆▆▆▅▅▅▄▄▄▃▃▃▃▂▂▂▂▂▁▁▁▁▁▁▁▁▁▁
wandb:           test_results_per_env/classroom/accuracy ▁
wandb:  test_results_per_env/classroom/balanced_accuracy ▁
wandb:    test_results_per_env/classroom/empty_threshold ▁
wandb:                test_results_per_env/classroom/mae ▁
wandb: test_results_per_env/classroom/occupancy_accuracy ▁
wandb:       test_results_per_env/classroom/occupancy_f1 ▁
wandb:                                          train_kd ▁▁▁▁▁▁▁▁▁▁▁▁▁▁▁▁▁▁▁▁▁▁▁▁▁▁▁▁▁▁▁▁▁▁▁▁▁▁▁▁
wandb:                                        train_loss ████████████████▇▇▇▇▆▆▆▆▅▅▄▄▃▃▃▂▂▂▂▁▂▁▁▁
wandb:                                    valid_accuracy ▄▅▆▆▆▅▇▇▇▆██▁▁▁▁▁▁▁▁▁▁▁▁▁▃▃▃▃▃▃▃▃▃▃▃▃▃▃▃
wandb:                           valid_accuracy_smoothed ▆▆▆▇█████▆▄▃▂▁▁▁▁▁▁▁▁▁▁▁▁▃▃▄▄▄▄▄▄▄▄▄▄▄▄▄
wandb:                           valid_balanced_accuracy ▅▆▅▇▇▆▇▇▇▇█▇█▂▁▁▁▁▁▁▁▁▁▁▁▁▁▁▁▁▁▁▁▁▁▁▁▁▁▁
wandb:                  valid_balanced_accuracy_smoothed ▆▆▆▆▆▆▇▇▇▇███▅▄▁▁▁▁▁▁▁▁▁▁▁▁▁▁▁▁▁▁▁▁▁▁▁▁▁
wandb:                             valid_empty_threshold ▂▂▂▁▂▁▁▁▁▁██████████████████████████████
wandb:                    valid_empty_threshold_smoothed ▂▂▂▂▁▁▁▁▁▁▁▁▆▇▇█████████████████████████
wandb:                                          valid_kd ▁▁▁▁▁▁▁▁▁▁▁▁▁▁▁▁▁▁▁▁▁▁▁▁▁▁▁▁▁▁▁▁▁▁▁▁▁▁▁▁
wandb:                                        valid_loss ███████████████████▇▇▇▇▆▆▅▅▅▅▅▄▄▄▃▃▂▂▂▁▁
wandb:                                         valid_mae ▃▃▂▃▂▂▂▂▂▂▁▄█▄▇▇▇▇▇▇▇▇▇▇▇▇▇█████████████
wandb:                                valid_mae_smoothed ▂▃▃▂▂▂▁▂▂▁▁▁▁▃▅▇▇▇▇▇▇▇▇▇▇▇▇▇▇▇▇█████████
wandb:                          valid_occupancy_accuracy ▇▆▇▇▇▇████▁▁▁▁▁▁▁▁▁▁▁▁▁▁▁▁▁▁▁▁▁▁▁▁▁▁▁▁▁▁
wandb:                 valid_occupancy_accuracy_smoothed ▆▆▆▆▆▆▇████▃▃▂▂▁▁▁▁▁▁▁▁▁▁▁▁▁▁▁▁▁▁▁▁▁▁▁▁▁
wandb:                                valid_occupancy_f1 █▇████▄▂▂▂▂▂▂▂▂▂▂▂▂▂▂▂▂▂▁▁▁▁▁▁▁▁▁▁▁▁▁▁▁▁
wandb:                       valid_occupancy_f1_smoothed ▇▇▇██████▇▃▃▂▂▂▂▂▂▂▂▂▂▂▂▂▂▂▂▁▁▁▁▁▁▁▁▁▁▁▁
wandb:                         valid_occupancy_threshold ▅▄█▁▄▅▄▅▆▂▇█▁▅▅▅▅▅▅▅▅▅▅▅▅▅▅▅▅▅▅▅▅▅▅▅▅▅▅▅
wandb:                valid_occupancy_threshold_smoothed ▁▂▁▁▅▁▃▂▄▇█▄▅▅▅▅▅▅▅▅▅▅▅▅▅▅▅▅▅▅▅▅▅▅▅▅▅▅▅▅
wandb: 
wandb: Run summary:
wandb:                                             epoch 99
wandb:                                     learning_rate 0.0001
wandb:           test_results_per_env/classroom/accuracy 0.08187
wandb:  test_results_per_env/classroom/balanced_accuracy 0.18603
wandb:    test_results_per_env/classroom/empty_threshold 0.09546
wandb:                test_results_per_env/classroom/mae 2.46093
wandb: test_results_per_env/classroom/occupancy_accuracy 0.46528
wandb:       test_results_per_env/classroom/occupancy_f1 0.1869
wandb:                                          train_kd 0
wandb:                                        train_loss -1.310445711717233e+17
wandb:                                    valid_accuracy 0.24468
wandb:                           valid_accuracy_smoothed 0.24468
wandb:                           valid_balanced_accuracy 0.25
wandb:                  valid_balanced_accuracy_smoothed 0.25
wandb:                             valid_empty_threshold 1
wandb:                    valid_empty_threshold_smoothed 1.0
wandb:                                          valid_kd 0
wandb:                                        valid_loss -1.2417203142288998e+17
wandb:                                         valid_mae 1.76596
wandb:                                valid_mae_smoothed 1.76596
wandb:                          valid_occupancy_accuracy 0.55851
wandb:                 valid_occupancy_accuracy_smoothed 0.55851
wandb:                                valid_occupancy_f1 0.36738
wandb:                       valid_occupancy_f1_smoothed 0.36738
wandb:                         valid_occupancy_threshold 0.5
wandb:                valid_occupancy_threshold_smoothed 0.5
wandb: 
wandb: You can sync this run to the cloud by running:
wandb: wandb sync /cluster/raid/home/jajo/AMAR/wandb/offline-run-20261006_033652-y8unjyrt
wandb: Find logs at: ./wandb/offline-run-20261006_033652-y8unjyrt/logs
wandb: Tracking run with wandb version 0.18.3
wandb: W&B syncing is set to `offline` in this directory.  
wandb: Run `wandb online` or set WANDB_MODE=online to enable cloud syncing.
wandb: - 0.000 MB of 0.000 MB uploadedwandb:                                                                                
wandb: 
wandb: Run history:
wandb:                                             epoch ▁▁▂▂▂▂▂▂▂▂▃▃▃▃▃▃▄▄▄▄▄▄▅▅▅▅▅▅▆▆▆▆▆▇▇▇▇▇██
wandb:                                     learning_rate ███████▇▇▇▇▇▇▆▆▅▅▄▄▄▃▃▃▃▂▂▂▂▁▁▁▁▁▁▁▁▁▁▁▁
wandb:           test_results_per_env/classroom/accuracy ▁
wandb:  test_results_per_env/classroom/balanced_accuracy ▁
wandb:    test_results_per_env/classroom/empty_threshold ▁
wandb:                test_results_per_env/classroom/mae ▁
wandb: test_results_per_env/classroom/occupancy_accuracy ▁
wandb:       test_results_per_env/classroom/occupancy_f1 ▁
wandb:                                          train_kd ▁▁▁▁▁▁▁▁▁▁▁▁▁▁▁▁▁▁▁▁▁▁▁▁▁▁▁▁▁▁▁▁▁▁▁▁▁▁▁▁
wandb:                                        train_loss ████████████████▇▇▇▇▆▅▅▅▅▃▃▂▃▂▂▂▁▁▂▂▁▁▁▂
wandb:                                    valid_accuracy ▇▆██▁█▅▅▅▅▁▁▅▅▅▅▅▅▅▅▅▅▅▅▅▅▅▅▅▅▅▅▅▅▅▅▅▅▅▅
wandb:                           valid_accuracy_smoothed ▆▆▇▇▇▇█▇▆▆▅▅▅▅▅▁▁▃▄▃▄▄▄▄▄▅▅▅▅▅▅▅▅▅▅▅▅▅▅▅
wandb:                           valid_balanced_accuracy ▆▇▇▇█▁▁▁▁▁▁▁▁▁▁▁▁▁▁▁▁▁▁▁▁▁▁▁▁▁▁▁▁▁▁▁▁▁▁▁
wandb:                  valid_balanced_accuracy_smoothed ▇▇▇▇█▇▃▂▂▁▁▁▁▁▁▁▁▁▁▁▁▁▁▁▁▁▁▁▁▁▁▁▁▁▁▁▁▁▁▁
wandb:                             valid_empty_threshold ▂▂▁▁▁▁██████████████████████████████████
wandb:                    valid_empty_threshold_smoothed ▁▁▁▁▁▅▆▆▇▇██████████████████████████████
wandb:                                          valid_kd ▁▁▁▁▁▁▁▁▁▁▁▁▁▁▁▁▁▁▁▁▁▁▁▁▁▁▁▁▁▁▁▁▁▁▁▁▁▁▁▁
wandb:                                        valid_loss ███████████████████▇▆▆▆▅▅▅▄▄▄▄▃▃▃▂▂▂▂▂▂▁
wandb:                                         valid_mae ▂▂▃▂▁▁█▄▆▃▅▆▆▆▆▆▆█▆▆▆▆▆▆▆▆▆▆▆▆▆▆▆▆▆▆▆▆▆▆
wandb:                                valid_mae_smoothed ▂▂▂▂▂▂▁▅▄▅▆▆▆▆▇██▇██▇▇▇▇▇▇▇▇▇▇▇▇▇▇▇▇▇▇▇▇
wandb:                          valid_occupancy_accuracy ▇▅▅▇▆██▇▁▁▁▁▁▁▁▁▁▁▁▁▁▁▁▁▁▁▁▁▁▁▁▁▁▁▁▁▁▁▁▁
wandb:                 valid_occupancy_accuracy_smoothed ▇▇▇▇█▅▃▃▂▂▂▂▂▂▂▁▁▁▁▁▁▁▁▁▁▁▁▁▁▁▁▁▁▁▁▁▁▁▁▁
wandb:                                valid_occupancy_f1 ▇█▇█▇███▁▅▄▂▂▂▂▁▁▂▁▂▂▂▂▂▂▂▂▂▂▂▂▂▂▂▂▂▂▂▂▂
wandb:                       valid_occupancy_f1_smoothed ████▅▄▄▃▃▂▂▂▂▁▁▁▂▁▂▂▂▂▂▂▂▂▂▂▂▂▂▂▂▂▂▂▂▂▂▂
wandb:                         valid_occupancy_threshold ▄▁█▆▆▆▆▆▆▆▆▆▆▆▆▆▆▆▆▆▆▆▆▆▆▆▆▆▆▆▆▆▆▆▆▆▆▆▆▆
wandb:                valid_occupancy_threshold_smoothed ▄▄▃▁▁▇▇█████████████████████████████████
wandb: 
wandb: Run summary:
wandb:                                             epoch 99
wandb:                                     learning_rate 0.0001
wandb:           test_results_per_env/classroom/accuracy 0.16427
wandb:  test_results_per_env/classroom/balanced_accuracy 0.13328
wandb:    test_results_per_env/classroom/empty_threshold 0.18044
wandb:                test_results_per_env/classroom/mae 1.98246
wandb: test_results_per_env/classroom/occupancy_accuracy 0.48123
wandb:       test_results_per_env/classroom/occupancy_f1 0.48755
wandb:                                          train_kd 0
wandb:                                        train_loss -1.1876275324465923e+18
wandb:                                    valid_accuracy 0.24468
wandb:                           valid_accuracy_smoothed 0.24468
wandb:                           valid_balanced_accuracy 0.25
wandb:                  valid_balanced_accuracy_smoothed 0.25
wandb:                             valid_empty_threshold 1
wandb:                    valid_empty_threshold_smoothed 1.0
wandb:                                          valid_kd 0
wandb:                                        valid_loss -1.0542013033511649e+18
wandb:                                         valid_mae 1.84043
wandb:                                valid_mae_smoothed 1.84043
wandb:                          valid_occupancy_accuracy 0.54362
wandb:                 valid_occupancy_accuracy_smoothed 0.54362
wandb:                                valid_occupancy_f1 0.33178
wandb:                       valid_occupancy_f1_smoothed 0.33178
wandb:                         valid_occupancy_threshold 0.5
wandb:                valid_occupancy_threshold_smoothed 0.5
wandb: 
wandb: You can sync this run to the cloud by running:
wandb: wandb sync /cluster/raid/home/jajo/AMAR/wandb/offline-run-20261006_035549-y3v7e33k
wandb: Find logs at: ./wandb/offline-run-20261006_035549-y3v7e33k/logs
Using device: cuda
Training rooms: ['empty_room', 'meeting_room'] (3386 train / 376 valid) | Test rooms: ['classroom']
DensityMapNet(
  5.06 M, 99.946% Params, 833.86 MMac, 100.000% MACs, 
  (backbone): THAT(
    4.91 M, 97.009% Params, 825.18 MMac, 98.958% MACs, 
    (layer_left_pooling): AvgPool1d(0, 0.000% Params, 810.0 KMac, 0.097% MACs, kernel_size=(20,), stride=(20,), padding=(0,))
    (layer_left_gaussian): Gaussian_Position(0, 0.000% Params, 0.0 Mac, 0.000% MACs, )
    (layer_left_encoder): ModuleList(
      (0-3): 4 x Encoder(
        952.29 k, 18.813% Params, 155.3 MMac, 18.624% MACs, 
        (layer_norm_0): LayerNorm(540, 0.011% Params, 40.5 KMac, 0.005% MACs, (270,), eps=1e-06, elementwise_affine=True)
        (layer_attention): MultiheadAttention(
          292.68 k, 5.782% Params, 56.32 MMac, 6.754% MACs, 
          (out_proj): NonDynamicallyQuantizableLinear(0, 0.000% Params, 0.0 Mac, 0.000% MACs, in_features=270, out_features=270, bias=True)
        )
        (layer_dropout_0): Dropout(0, 0.000% Params, 0.0 Mac, 0.000% MACs, p=0.1, inplace=False)
        (layer_norm_1): LayerNorm(540, 0.011% Params, 40.5 KMac, 0.005% MACs, (270,), eps=1e-06, elementwise_affine=True)
        (layer_cnn): ModuleList(
          (0): Sequential(
            73.71 k, 1.456% Params, 11.1 MMac, 1.331% MACs, 
            (0): SamePadConv1d(
              73.17 k, 1.445% Params, 10.98 MMac, 1.316% MACs, 
              (layer_conv): Conv1d(73.17 k, 1.445% Params, 10.98 MMac, 1.316% MACs, 270, 270, kernel_size=(1,), stride=(1,))
            )
            (1): BatchNorm1d(540, 0.011% Params, 81.0 KMac, 0.010% MACs, 270, eps=1e-05, momentum=0.1, affine=True, track_running_stats=True)
            (2): Dropout(0, 0.000% Params, 0.0 Mac, 0.000% MACs, p=0.1, inplace=False)
            (3): LeakyReLU(0, 0.000% Params, 40.5 KMac, 0.005% MACs, negative_slope=0.01)
          )
          (1): Sequential(
            219.51 k, 4.336% Params, 32.97 MMac, 3.954% MACs, 
            (0): SamePadConv1d(
              218.97 k, 4.326% Params, 32.85 MMac, 3.939% MACs, 
              (layer_conv): Conv1d(218.97 k, 4.326% Params, 32.85 MMac, 3.939% MACs, 270, 270, kernel_size=(3,), stride=(1,))
            )
            (1): BatchNorm1d(540, 0.011% Params, 81.0 KMac, 0.010% MACs, 270, eps=1e-05, momentum=0.1, affine=True, track_running_stats=True)
            (2): Dropout(0, 0.000% Params, 0.0 Mac, 0.000% MACs, p=0.1, inplace=False)
            (3): LeakyReLU(0, 0.000% Params, 40.5 KMac, 0.005% MACs, negative_slope=0.01)
          )
          (2): Sequential(
            365.31 k, 7.217% Params, 54.84 MMac, 6.576% MACs, 
            (0): SamePadConv1d(
              364.77 k, 7.206% Params, 54.72 MMac, 6.562% MACs, 
              (layer_conv): Conv1d(364.77 k, 7.206% Params, 54.72 MMac, 6.562% MACs, 270, 270, kernel_size=(5,), stride=(1,))
            )
            (1): BatchNorm1d(540, 0.011% Params, 81.0 KMac, 0.010% MACs, 270, eps=1e-05, momentum=0.1, affine=True, track_running_stats=True)
            (2): Dropout(0, 0.000% Params, 0.0 Mac, 0.000% MACs, p=0.1, inplace=False)
            (3): LeakyReLU(0, 0.000% Params, 40.5 KMac, 0.005% MACs, negative_slope=0.01)
          )
        )
        (layer_dropout_1): Dropout(0, 0.000% Params, 0.0 Mac, 0.000% MACs, p=0.1, inplace=False)
      )
    )
    (layer_left_norm): LayerNorm(540, 0.011% Params, 40.5 KMac, 0.005% MACs, (270,), eps=1e-06, elementwise_affine=True)
    (layer_left_cnn_0): Conv1d(276.61 k, 5.464% Params, 39.55 MMac, 4.744% MACs, 270, 128, kernel_size=(8,), stride=(1,))
    (layer_left_cnn_1): Conv1d(553.09 k, 10.926% Params, 74.67 MMac, 8.954% MACs, 270, 128, kernel_size=(16,), stride=(1,))
    (layer_left_dropout): Dropout(0, 0.000% Params, 0.0 Mac, 0.000% MACs, p=0.5, inplace=False)
    (layer_right_pooling): AvgPool1d(0, 0.000% Params, 810.0 KMac, 0.097% MACs, kernel_size=(20,), stride=(20,), padding=(0,))
    (layer_right_encoder): ModuleList(
      (0): Encoder(
        227.55 k, 4.495% Params, 84.12 MMac, 10.088% MACs, 
        (layer_norm_0): LayerNorm(300, 0.006% Params, 40.5 KMac, 0.005% MACs, (150,), eps=1e-06, elementwise_affine=True)
        (layer_attention): MultiheadAttention(
          90.6 k, 1.790% Params, 47.1 MMac, 5.649% MACs, 
          (out_proj): NonDynamicallyQuantizableLinear(0, 0.000% Params, 0.0 Mac, 0.000% MACs, in_features=150, out_features=150, bias=True)
        )
        (layer_dropout_0): Dropout(0, 0.000% Params, 0.0 Mac, 0.000% MACs, p=0.1, inplace=False)
        (layer_norm_1): LayerNorm(300, 0.006% Params, 40.5 KMac, 0.005% MACs, (150,), eps=1e-06, elementwise_affine=True)
        (layer_cnn): ModuleList(
          (0): Sequential(
            22.95 k, 0.453% Params, 6.24 MMac, 0.748% MACs, 
            (0): SamePadConv1d(
              22.65 k, 0.447% Params, 6.12 MMac, 0.733% MACs, 
              (layer_conv): Conv1d(22.65 k, 0.447% Params, 6.12 MMac, 0.733% MACs, 150, 150, kernel_size=(1,), stride=(1,))
            )
            (1): BatchNorm1d(300, 0.006% Params, 81.0 KMac, 0.010% MACs, 150, eps=1e-05, momentum=0.1, affine=True, track_running_stats=True)
            (2): Dropout(0, 0.000% Params, 0.0 Mac, 0.000% MACs, p=0.1, inplace=False)
            (3): LeakyReLU(0, 0.000% Params, 40.5 KMac, 0.005% MACs, negative_slope=0.01)
          )
          (1): Sequential(
            45.45 k, 0.898% Params, 12.31 MMac, 1.477% MACs, 
            (0): SamePadConv1d(
              45.15 k, 0.892% Params, 12.19 MMac, 1.462% MACs, 
              (layer_conv): Conv1d(45.15 k, 0.892% Params, 12.19 MMac, 1.462% MACs, 150, 150, kernel_size=(2,), stride=(1,))
            )
            (1): BatchNorm1d(300, 0.006% Params, 81.0 KMac, 0.010% MACs, 150, eps=1e-05, momentum=0.1, affine=True, track_running_stats=True)
            (2): Dropout(0, 0.000% Params, 0.0 Mac, 0.000% MACs, p=0.1, inplace=False)
            (3): LeakyReLU(0, 0.000% Params, 40.5 KMac, 0.005% MACs, negative_slope=0.01)
          )
          (2): Sequential(
            67.95 k, 1.342% Params, 18.39 MMac, 2.205% MACs, 
            (0): SamePadConv1d(
              67.65 k, 1.336% Params, 18.27 MMac, 2.190% MACs, 
              (layer_conv): Conv1d(67.65 k, 1.336% Params, 18.27 MMac, 2.190% MACs, 150, 150, kernel_size=(3,), stride=(1,))
            )
            (1): BatchNorm1d(300, 0.006% Params, 81.0 KMac, 0.010% MACs, 150, eps=1e-05, momentum=0.1, affine=True, track_running_stats=True)
            (2): Dropout(0, 0.000% Params, 0.0 Mac, 0.000% MACs, p=0.1, inplace=False)
            (3): LeakyReLU(0, 0.000% Params, 40.5 KMac, 0.005% MACs, negative_slope=0.01)
          )
        )
        (layer_dropout_1): Dropout(0, 0.000% Params, 0.0 Mac, 0.000% MACs, p=0.1, inplace=False)
      )
    )
    (layer_right_norm): LayerNorm(300, 0.006% Params, 40.5 KMac, 0.005% MACs, (150,), eps=1e-06, elementwise_affine=True)
    (layer_right_cnn_0): Conv1d(4.82 k, 0.095% Params, 1.3 MMac, 0.155% MACs, 150, 16, kernel_size=(2,), stride=(1,))
    (layer_right_cnn_1): Conv1d(9.62 k, 0.190% Params, 2.57 MMac, 0.308% MACs, 150, 16, kernel_size=(4,), stride=(1,))
    (layer_right_dropout): Dropout(0, 0.000% Params, 0.0 Mac, 0.000% MACs, p=0.5, inplace=False)
    (layer_leakyrelu): LeakyReLU(0, 0.000% Params, 44.16 KMac, 0.005% MACs, negative_slope=0.01)
    (layer_output): Linear(28.9 k, 0.571% Params, 28.9 KMac, 0.003% MACs, in_features=288, out_features=100, bias=True)
  )
  (decoder_fc): Sequential(
    103.42 k, 2.043% Params, 104.45 KMac, 0.013% MACs, 
    (0): Linear(103.42 k, 2.043% Params, 103.42 KMac, 0.012% MACs, in_features=100, out_features=1024, bias=True)
    (1): LeakyReLU(0, 0.000% Params, 1.02 KMac, 0.000% MACs, negative_slope=0.01)
    (2): Dropout(0, 0.000% Params, 0.0 Mac, 0.000% MACs, p=0.3, inplace=False)
  )
  (decoder_conv): Sequential(
    45.27 k, 0.894% Params, 8.58 MMac, 1.029% MACs, 
    (0): ConvTranspose2d(32.8 k, 0.648% Params, 2.1 MMac, 0.252% MACs, 64, 32, kernel_size=(4, 4), stride=(2, 2), padding=(1, 1))
    (1): LeakyReLU(0, 0.000% Params, 2.05 KMac, 0.000% MACs, negative_slope=0.01)
    (2): Dropout2d(0, 0.000% Params, 0.0 Mac, 0.000% MACs, p=0.3, inplace=False)
    (3): ConvTranspose2d(8.21 k, 0.162% Params, 2.1 MMac, 0.252% MACs, 32, 16, kernel_size=(4, 4), stride=(2, 2), padding=(1, 1))
    (4): LeakyReLU(0, 0.000% Params, 4.1 KMac, 0.000% MACs, negative_slope=0.01)
    (5): ConvTranspose2d(4.11 k, 0.081% Params, 4.21 MMac, 0.505% MACs, 16, 16, kernel_size=(4, 4), stride=(2, 2), padding=(1, 1))
    (6): LeakyReLU(0, 0.000% Params, 16.38 KMac, 0.002% MACs, negative_slope=0.01)
    (7): Conv2d(145, 0.003% Params, 148.48 KMac, 0.018% MACs, 16, 1, kernel_size=(3, 3), stride=(1, 1), padding=(1, 1))
  )
)
Parameters: 5061987 - FLOPs: 1667723904.0
Repeat 0
Epoch 0/100 - 10.934s - Loss 0.283952 - ValidLoss 0.198426 - Valid Acc 0.2979 - Valid Bal 0.4165 - Valid MAE 1.0399 - Thr 0.42 - EmptyThr 0.182
Epoch 1/100 - 11.635s - Loss 0.173482 - ValidLoss 0.187556 - Valid Acc 0.3431 - Valid Bal 0.4436 - Valid MAE 0.9415 - Thr 0.42 - EmptyThr 0.188
Epoch 2/100 - 9.987s - Loss 0.169152 - ValidLoss 0.185136 - Valid Acc 0.2872 - Valid Bal 0.4319 - Valid MAE 0.8963 - Thr 0.47 - EmptyThr 0.186
Epoch 3/100 - 10.353s - Loss 0.165564 - ValidLoss 0.178863 - Valid Acc 0.3431 - Valid Bal 0.4559 - Valid MAE 0.8777 - Thr 0.43 - EmptyThr 0.158
Epoch 4/100 - 11.422s - Loss 0.162170 - ValidLoss 0.174323 - Valid Acc 0.2819 - Valid Bal 0.4232 - Valid MAE 0.8564 - Thr 0.51 - EmptyThr 0.154
Epoch 5/100 - 10.316s - Loss 0.158659 - ValidLoss 0.172111 - Valid Acc 0.3936 - Valid Bal 0.4600 - Valid MAE 0.9840 - Thr 0.32 - EmptyThr 0.160
Epoch 6/100 - 10.395s - Loss 0.159589 - ValidLoss 0.172893 - Valid Acc 0.3059 - Valid Bal 0.4629 - Valid MAE 0.8032 - Thr 0.53 - EmptyThr 0.160
Epoch 7/100 - 10.587s - Loss 0.157615 - ValidLoss 0.173565 - Valid Acc 0.3191 - Valid Bal 0.4582 - Valid MAE 0.8803 - Thr 0.45 - EmptyThr 0.120
Epoch 8/100 - 9.707s - Loss 0.155221 - ValidLoss 0.172937 - Valid Acc 0.3245 - Valid Bal 0.4368 - Valid MAE 0.9122 - Thr 0.42 - EmptyThr 0.141
Epoch 9/100 - 10.054s - Loss 0.156164 - ValidLoss 0.170418 - Valid Acc 0.3803 - Valid Bal 0.4910 - Valid MAE 0.7686 - Thr 0.42 - EmptyThr 0.116
Epoch 10/100 - 10.352s - Loss 0.156754 - ValidLoss 0.172264 - Valid Acc 0.3138 - Valid Bal 0.4514 - Valid MAE 0.8032 - Thr 0.55 - EmptyThr 0.166
Epoch 11/100 - 9.846s - Loss 0.156613 - ValidLoss 0.168628 - Valid Acc 0.3085 - Valid Bal 0.4599 - Valid MAE 0.7793 - Thr 0.59 - EmptyThr 0.125
Epoch 12/100 - 10.200s - Loss 0.155746 - ValidLoss 0.171849 - Valid Acc 0.4096 - Valid Bal 0.5101 - Valid MAE 0.7261 - Thr 0.41 - EmptyThr 0.120
Epoch 13/100 - 10.187s - Loss 0.156586 - ValidLoss 0.168293 - Valid Acc 0.3537 - Valid Bal 0.4967 - Valid MAE 0.7154 - Thr 0.45 - EmptyThr 0.135
Epoch 14/100 - 9.916s - Loss 0.158550 - ValidLoss 0.170346 - Valid Acc 0.3218 - Valid Bal 0.4544 - Valid MAE 0.8564 - Thr 0.43 - EmptyThr 0.125
Epoch 15/100 - 10.234s - Loss 0.156263 - ValidLoss 0.169454 - Valid Acc 0.4096 - Valid Bal 0.5218 - Valid MAE 0.7314 - Thr 0.39 - EmptyThr 0.141
Epoch 16/100 - 9.945s - Loss 0.153823 - ValidLoss 0.170576 - Valid Acc 0.3271 - Valid Bal 0.4654 - Valid MAE 0.8324 - Thr 0.38 - EmptyThr 0.131
Epoch 17/100 - 10.236s - Loss 0.153283 - ValidLoss 0.167122 - Valid Acc 0.3165 - Valid Bal 0.4763 - Valid MAE 0.7793 - Thr 0.50 - EmptyThr 0.131
Epoch 18/100 - 10.632s - Loss -5540.944689 - ValidLoss -102873.148438 - Valid Acc 0.0984 - Valid Bal 0.2529 - Valid MAE 2.2394 - Thr 0.50 - EmptyThr 1.000
Epoch 19/100 - 10.403s - Loss -292693499.002151 - ValidLoss 11492232192.000000 - Valid Acc 0.1303 - Valid Bal 0.2681 - Valid MAE 2.2074 - Thr 0.50 - EmptyThr 1.000
Epoch 20/100 - 10.189s - Loss -30392446619.586086 - ValidLoss -99190333440.000000 - Valid Acc 0.2447 - Valid Bal 0.2500 - Valid MAE 1.8378 - Thr 0.50 - EmptyThr 1.000
Epoch 21/100 - 10.394s - Loss -621869910506.792480 - ValidLoss -1409022427136.000000 - Valid Acc 0.2447 - Valid Bal 0.2500 - Valid MAE 1.8378 - Thr 0.50 - EmptyThr 1.000
Epoch 22/100 - 10.399s - Loss -4875885345975.546875 - ValidLoss -8679199866880.000000 - Valid Acc 0.0957 - Valid Bal 0.2500 - Valid MAE 2.2447 - Thr 0.50 - EmptyThr 1.000
Epoch 23/100 - 10.603s - Loss -23515913069954.414062 - ValidLoss -35386915028992.000000 - Valid Acc 0.2447 - Valid Bal 0.2500 - Valid MAE 1.8404 - Thr 0.50 - EmptyThr 1.000
Epoch 24/100 - 10.334s - Loss -64855955563008.000000 - ValidLoss -86623307956224.000000 - Valid Acc 0.2447 - Valid Bal 0.2500 - Valid MAE 1.8378 - Thr 0.50 - EmptyThr 1.000
Epoch 25/100 - 10.144s - Loss -173182783687003.781250 - ValidLoss -203343330803712.000000 - Valid Acc 0.2447 - Valid Bal 0.2500 - Valid MAE 1.8378 - Thr 0.50 - EmptyThr 1.000
Epoch 26/100 - 10.578s - Loss -406493835851891.937500 - ValidLoss -467592619753472.000000 - Valid Acc 0.2447 - Valid Bal 0.2500 - Valid MAE 1.8404 - Thr 0.50 - EmptyThr 1.000
Epoch 27/100 - 10.536s - Loss -638655507370834.125000 - ValidLoss -812087852924928.000000 - Valid Acc 0.2447 - Valid Bal 0.2500 - Valid MAE 1.8404 - Thr 0.50 - EmptyThr 1.000
Epoch 28/100 - 10.503s - Loss -1115274543167526.625000 - ValidLoss -1354585708953600.000000 - Valid Acc 0.2447 - Valid Bal 0.2500 - Valid MAE 1.8404 - Thr 0.50 - EmptyThr 1.000
Epoch 29/100 - 10.208s - Loss -1863723528982759.750000 - ValidLoss -2148651476451328.000000 - Valid Acc 0.2447 - Valid Bal 0.2500 - Valid MAE 1.8404 - Thr 0.50 - EmptyThr 1.000
Epoch 30/100 - 10.345s - Loss -3203995620686944.500000 - ValidLoss -3342642318409728.000000 - Valid Acc 0.2447 - Valid Bal 0.2500 - Valid MAE 1.8404 - Thr 0.50 - EmptyThr 1.000
Epoch 31/100 - 10.440s - Loss -4166054195072637.500000 - ValidLoss -4773134594998272.000000 - Valid Acc 0.2447 - Valid Bal 0.2500 - Valid MAE 1.8404 - Thr 0.50 - EmptyThr 1.000
Epoch 32/100 - 10.271s - Loss -6422229958078541.000000 - ValidLoss -6749496545378304.000000 - Valid Acc 0.2447 - Valid Bal 0.2500 - Valid MAE 1.8404 - Thr 0.50 - EmptyThr 1.000
Epoch 33/100 - 10.606s - Loss -8264012852234665.000000 - ValidLoss -9003325731110912.000000 - Valid Acc 0.2447 - Valid Bal 0.2500 - Valid MAE 1.8404 - Thr 0.50 - EmptyThr 1.000
Epoch 34/100 - 10.146s - Loss -11956926163894582.000000 - ValidLoss -12021790628904960.000000 - Valid Acc 0.2447 - Valid Bal 0.2500 - Valid MAE 1.8404 - Thr 0.50 - EmptyThr 1.000
Epoch 35/100 - 10.797s - Loss -14914136304897970.000000 - ValidLoss -15561982920884224.000000 - Valid Acc 0.2447 - Valid Bal 0.2500 - Valid MAE 1.8404 - Thr 0.50 - EmptyThr 1.000
Epoch 36/100 - 10.626s - Loss -21136297632059316.000000 - ValidLoss -20021140374159360.000000 - Valid Acc 0.2447 - Valid Bal 0.2500 - Valid MAE 1.8404 - Thr 0.50 - EmptyThr 1.000
Epoch 37/100 - 10.352s - Loss -25789339564517028.000000 - ValidLoss -25213719327801344.000000 - Valid Acc 0.2447 - Valid Bal 0.2500 - Valid MAE 1.8404 - Thr 0.50 - EmptyThr 1.000
Epoch 38/100 - 10.470s - Loss -31187904882332808.000000 - ValidLoss -31042161747165184.000000 - Valid Acc 0.2447 - Valid Bal 0.2500 - Valid MAE 1.8404 - Thr 0.50 - EmptyThr 1.000
Epoch 39/100 - 10.388s - Loss -39719552657930744.000000 - ValidLoss -37839705554812928.000000 - Valid Acc 0.2447 - Valid Bal 0.2500 - Valid MAE 1.8404 - Thr 0.50 - EmptyThr 1.000
Epoch 40/100 - 11.254s - Loss -52939364141011176.000000 - ValidLoss -46054380264226816.000000 - Valid Acc 0.2447 - Valid Bal 0.2500 - Valid MAE 1.8404 - Thr 0.50 - EmptyThr 1.000
Epoch 41/100 - 10.556s - Loss -52973417834351016.000000 - ValidLoss -53954427144372224.000000 - Valid Acc 0.2447 - Valid Bal 0.2500 - Valid MAE 1.8404 - Thr 0.50 - EmptyThr 1.000
Epoch 42/100 - 10.351s - Loss -57768755712981184.000000 - ValidLoss -61934781323018240.000000 - Valid Acc 0.2447 - Valid Bal 0.2500 - Valid MAE 1.8404 - Thr 0.50 - EmptyThr 1.000
Epoch 43/100 - 10.548s - Loss -74130412724413184.000000 - ValidLoss -71844267307302912.000000 - Valid Acc 0.2447 - Valid Bal 0.2500 - Valid MAE 1.8404 - Thr 0.50 - EmptyThr 1.000
Epoch 44/100 - 10.761s - Loss -80659373117496256.000000 - ValidLoss -81964451502227456.000000 - Valid Acc 0.2447 - Valid Bal 0.2500 - Valid MAE 1.8404 - Thr 0.50 - EmptyThr 1.000
Epoch 45/100 - 11.122s - Loss -89381978002443600.000000 - ValidLoss -92784118365945856.000000 - Valid Acc 0.2447 - Valid Bal 0.2500 - Valid MAE 1.8404 - Thr 0.50 - EmptyThr 1.000
Epoch 46/100 - 10.531s - Loss -105614622467609728.000000 - ValidLoss -104863318748954624.000000 - Valid Acc 0.2447 - Valid Bal 0.2500 - Valid MAE 1.8404 - Thr 0.50 - EmptyThr 1.000
Epoch 47/100 - 10.544s - Loss -117793223016161120.000000 - ValidLoss -117639308856262656.000000 - Valid Acc 0.2447 - Valid Bal 0.2500 - Valid MAE 1.8404 - Thr 0.50 - EmptyThr 1.000
Epoch 48/100 - 10.926s - Loss -138039109854097792.000000 - ValidLoss -131323031711645696.000000 - Valid Acc 0.2447 - Valid Bal 0.2500 - Valid MAE 1.8404 - Thr 0.50 - EmptyThr 1.000
Epoch 49/100 - 10.620s - Loss -141693602991894912.000000 - ValidLoss -144838701086670848.000000 - Valid Acc 0.2447 - Valid Bal 0.2500 - Valid MAE 1.8404 - Thr 0.50 - EmptyThr 1.000
Epoch 50/100 - 10.631s - Loss -169919858927913696.000000 - ValidLoss -159769192818540544.000000 - Valid Acc 0.2447 - Valid Bal 0.2500 - Valid MAE 1.8404 - Thr 0.50 - EmptyThr 1.000
Epoch 51/100 - 10.778s - Loss -194690681938551872.000000 - ValidLoss -176110632846753792.000000 - Valid Acc 0.2447 - Valid Bal 0.2500 - Valid MAE 1.8404 - Thr 0.50 - EmptyThr 1.000
Epoch 52/100 - 10.769s - Loss -190013836449808384.000000 - ValidLoss -191083129358778368.000000 - Valid Acc 0.2447 - Valid Bal 0.2500 - Valid MAE 1.8404 - Thr 0.50 - EmptyThr 1.000
Epoch 53/100 - 11.004s - Loss -213456394986529216.000000 - ValidLoss -207102601458614272.000000 - Valid Acc 0.2447 - Valid Bal 0.2500 - Valid MAE 1.8404 - Thr 0.50 - EmptyThr 1.000
Epoch 54/100 - 10.751s - Loss -235332738864015936.000000 - ValidLoss -223333231330590720.000000 - Valid Acc 0.2447 - Valid Bal 0.2500 - Valid MAE 1.8404 - Thr 0.50 - EmptyThr 1.000
Epoch 55/100 - 10.369s - Loss -238062930569491424.000000 - ValidLoss -239400892963487744.000000 - Valid Acc 0.2447 - Valid Bal 0.2500 - Valid MAE 1.8404 - Thr 0.50 - EmptyThr 1.000
Epoch 56/100 - 10.785s - Loss -266915672569794496.000000 - ValidLoss -255856647841251328.000000 - Valid Acc 0.2447 - Valid Bal 0.2500 - Valid MAE 1.8404 - Thr 0.50 - EmptyThr 1.000
Epoch 57/100 - 10.601s - Loss -305595723748464960.000000 - ValidLoss -273874671303131136.000000 - Valid Acc 0.2447 - Valid Bal 0.2500 - Valid MAE 1.8404 - Thr 0.50 - EmptyThr 1.000
Epoch 58/100 - 10.365s - Loss -295775136067730560.000000 - ValidLoss -289878784599916544.000000 - Valid Acc 0.2447 - Valid Bal 0.2500 - Valid MAE 1.8404 - Thr 0.50 - EmptyThr 1.000
Epoch 59/100 - 10.515s - Loss -343178552637059456.000000 - ValidLoss -307557179227897856.000000 - Valid Acc 0.2447 - Valid Bal 0.2500 - Valid MAE 1.8404 - Thr 0.50 - EmptyThr 1.000
Epoch 60/100 - 10.750s - Loss -342198582658544960.000000 - ValidLoss -323844829085696000.000000 - Valid Acc 0.2447 - Valid Bal 0.2500 - Valid MAE 1.8404 - Thr 0.50 - EmptyThr 1.000
Epoch 61/100 - 10.378s - Loss -397469202400594624.000000 - ValidLoss -341704952369905664.000000 - Valid Acc 0.2447 - Valid Bal 0.2500 - Valid MAE 1.8404 - Thr 0.50 - EmptyThr 1.000
Epoch 62/100 - 10.557s - Loss -372090063956589696.000000 - ValidLoss -357015445628256256.000000 - Valid Acc 0.2447 - Valid Bal 0.2500 - Valid MAE 1.8404 - Thr 0.50 - EmptyThr 1.000
Epoch 63/100 - 10.382s - Loss -404739265199128896.000000 - ValidLoss -373089446632882176.000000 - Valid Acc 0.2447 - Valid Bal 0.2500 - Valid MAE 1.8404 - Thr 0.50 - EmptyThr 1.000
Epoch 64/100 - 10.273s - Loss -374327968978985088.000000 - ValidLoss -386803998763515904.000000 - Valid Acc 0.2447 - Valid Bal 0.2500 - Valid MAE 1.8404 - Thr 0.50 - EmptyThr 1.000
Epoch 65/100 - 10.726s - Loss -457000039215243136.000000 - ValidLoss -402279006449172480.000000 - Valid Acc 0.2447 - Valid Bal 0.2500 - Valid MAE 1.8404 - Thr 0.50 - EmptyThr 1.000
Epoch 66/100 - 10.651s - Loss -436859625947351168.000000 - ValidLoss -416237100405358592.000000 - Valid Acc 0.2447 - Valid Bal 0.2500 - Valid MAE 1.8404 - Thr 0.50 - EmptyThr 1.000
Epoch 67/100 - 10.209s - Loss -426913872124541120.000000 - ValidLoss -429120559184347136.000000 - Valid Acc 0.2447 - Valid Bal 0.2500 - Valid MAE 1.8404 - Thr 0.50 - EmptyThr 1.000
Epoch 68/100 - 10.597s - Loss -457517595920151232.000000 - ValidLoss -441833731099983872.000000 - Valid Acc 0.2447 - Valid Bal 0.2500 - Valid MAE 1.8404 - Thr 0.50 - EmptyThr 1.000
Epoch 69/100 - 10.569s - Loss -501991266614420544.000000 - ValidLoss -454453135289614336.000000 - Valid Acc 0.2447 - Valid Bal 0.2500 - Valid MAE 1.8404 - Thr 0.50 - EmptyThr 1.000
Epoch 70/100 - 10.434s - Loss -527042162697224512.000000 - ValidLoss -467407890525716480.000000 - Valid Acc 0.2447 - Valid Bal 0.2500 - Valid MAE 1.8404 - Thr 0.50 - EmptyThr 1.000
Epoch 71/100 - 10.489s - Loss -553932935415656832.000000 - ValidLoss -479284127934185472.000000 - Valid Acc 0.2447 - Valid Bal 0.2500 - Valid MAE 1.8404 - Thr 0.50 - EmptyThr 1.000
Epoch 72/100 - 10.452s - Loss -535775739591563904.000000 - ValidLoss -490281237076770816.000000 - Valid Acc 0.2447 - Valid Bal 0.2500 - Valid MAE 1.8404 - Thr 0.50 - EmptyThr 1.000
Epoch 73/100 - 10.314s - Loss -529847613526569344.000000 - ValidLoss -499941168281288704.000000 - Valid Acc 0.2447 - Valid Bal 0.2500 - Valid MAE 1.8404 - Thr 0.50 - EmptyThr 1.000
Epoch 74/100 - 10.779s - Loss -566413129225586176.000000 - ValidLoss -509650818027225088.000000 - Valid Acc 0.2447 - Valid Bal 0.2500 - Valid MAE 1.8404 - Thr 0.50 - EmptyThr 1.000
Epoch 75/100 - 10.509s - Loss -616832866411531008.000000 - ValidLoss -519124931766648832.000000 - Valid Acc 0.2447 - Valid Bal 0.2500 - Valid MAE 1.8404 - Thr 0.50 - EmptyThr 1.000
Epoch 76/100 - 10.125s - Loss -563376581495547840.000000 - ValidLoss -527196034309292032.000000 - Valid Acc 0.2447 - Valid Bal 0.2500 - Valid MAE 1.8404 - Thr 0.50 - EmptyThr 1.000
Epoch 77/100 - 10.809s - Loss -551699514654561728.000000 - ValidLoss -534496069963218944.000000 - Valid Acc 0.2447 - Valid Bal 0.2500 - Valid MAE 1.8404 - Thr 0.50 - EmptyThr 1.000
Epoch 78/100 - 11.093s - Loss -581913889766152832.000000 - ValidLoss -541348432585949184.000000 - Valid Acc 0.2447 - Valid Bal 0.2500 - Valid MAE 1.8404 - Thr 0.50 - EmptyThr 1.000
Epoch 79/100 - 10.358s - Loss -591479791086261376.000000 - ValidLoss -547575173092474880.000000 - Valid Acc 0.2447 - Valid Bal 0.2500 - Valid MAE 1.8404 - Thr 0.50 - EmptyThr 1.000
Epoch 80/100 - 10.319s - Loss -649974937160817280.000000 - ValidLoss -554196878791540736.000000 - Valid Acc 0.2447 - Valid Bal 0.2500 - Valid MAE 1.8404 - Thr 0.50 - EmptyThr 1.000
Epoch 81/100 - 11.004s - Loss -561011899923505600.000000 - ValidLoss -560116099639672832.000000 - Valid Acc 0.2447 - Valid Bal 0.2500 - Valid MAE 1.8404 - Thr 0.50 - EmptyThr 1.000
Epoch 82/100 - 10.508s - Loss -606222723773158528.000000 - ValidLoss -566144515736338432.000000 - Valid Acc 0.2447 - Valid Bal 0.2500 - Valid MAE 1.8404 - Thr 0.50 - EmptyThr 1.000
Epoch 83/100 - 11.000s - Loss -674524082050650624.000000 - ValidLoss -572948843444830208.000000 - Valid Acc 0.2447 - Valid Bal 0.2500 - Valid MAE 1.8404 - Thr 0.50 - EmptyThr 1.000
Epoch 84/100 - 10.724s - Loss -739684780970027904.000000 - ValidLoss -580199229276815360.000000 - Valid Acc 0.2447 - Valid Bal 0.2500 - Valid MAE 1.8404 - Thr 0.50 - EmptyThr 1.000
Epoch 85/100 - 10.688s - Loss -703509233127603968.000000 - ValidLoss -587060525431521280.000000 - Valid Acc 0.2447 - Valid Bal 0.2500 - Valid MAE 1.8404 - Thr 0.50 - EmptyThr 1.000
Epoch 86/100 - 10.837s - Loss -632085315553096704.000000 - ValidLoss -593175115752013824.000000 - Valid Acc 0.2447 - Valid Bal 0.2500 - Valid MAE 1.8404 - Thr 0.50 - EmptyThr 1.000
Epoch 87/100 - 10.944s - Loss -687156673118682880.000000 - ValidLoss -599732603100069888.000000 - Valid Acc 0.2447 - Valid Bal 0.2500 - Valid MAE 1.8404 - Thr 0.50 - EmptyThr 1.000
Epoch 88/100 - 10.293s - Loss -677049645001961216.000000 - ValidLoss -606234633830400000.000000 - Valid Acc 0.2447 - Valid Bal 0.2500 - Valid MAE 1.8404 - Thr 0.50 - EmptyThr 1.000
Epoch 89/100 - 10.883s - Loss -617037141204899200.000000 - ValidLoss -612217007877652480.000000 - Valid Acc 0.2447 - Valid Bal 0.2500 - Valid MAE 1.8404 - Thr 0.50 - EmptyThr 1.000
Epoch 90/100 - 10.512s - Loss -618835477098541184.000000 - ValidLoss -618131349642936320.000000 - Valid Acc 0.2447 - Valid Bal 0.2500 - Valid MAE 1.8404 - Thr 0.50 - EmptyThr 1.000
Epoch 91/100 - 10.670s - Loss -716135405130865024.000000 - ValidLoss -624840638315102208.000000 - Valid Acc 0.2447 - Valid Bal 0.2500 - Valid MAE 1.8404 - Thr 0.50 - EmptyThr 1.000
Epoch 92/100 - 10.391s - Loss -677202450042169600.000000 - ValidLoss -631469593918963712.000000 - Valid Acc 0.2447 - Valid Bal 0.2500 - Valid MAE 1.8404 - Thr 0.50 - EmptyThr 1.000
Epoch 93/100 - 10.648s - Loss -669695193666818944.000000 - ValidLoss -637961591605690368.000000 - Valid Acc 0.2447 - Valid Bal 0.2500 - Valid MAE 1.8404 - Thr 0.50 - EmptyThr 1.000
Epoch 94/100 - 10.570s - Loss -670162486705876736.000000 - ValidLoss -644361367754637312.000000 - Valid Acc 0.2447 - Valid Bal 0.2500 - Valid MAE 1.8404 - Thr 0.50 - EmptyThr 1.000
Epoch 95/100 - 10.570s - Loss -770870150796771968.000000 - ValidLoss -651488951881695232.000000 - Valid Acc 0.2447 - Valid Bal 0.2500 - Valid MAE 1.8404 - Thr 0.50 - EmptyThr 1.000
Epoch 96/100 - 10.421s - Loss -688455213311031552.000000 - ValidLoss -658243389250076672.000000 - Valid Acc 0.2447 - Valid Bal 0.2500 - Valid MAE 1.8404 - Thr 0.50 - EmptyThr 1.000
Epoch 97/100 - 10.488s - Loss -727013112161046144.000000 - ValidLoss -665143580628615168.000000 - Valid Acc 0.2447 - Valid Bal 0.2500 - Valid MAE 1.8404 - Thr 0.50 - EmptyThr 1.000
Epoch 98/100 - 10.761s - Loss -742198651298240896.000000 - ValidLoss -672124105075458048.000000 - Valid Acc 0.2447 - Valid Bal 0.2500 - Valid MAE 1.8404 - Thr 0.50 - EmptyThr 1.000
Epoch 99/100 - 10.879s - Loss -826842496231256704.000000 - ValidLoss -679761244122513408.000000 - Valid Acc 0.2447 - Valid Bal 0.2500 - Valid MAE 1.8404 - Thr 0.50 - EmptyThr 1.000
Epoch that the model was saved 15
Best smoothed balanced count accuracy: 0.487447, smoothed count MAE: 0.776898
  [classroom] COUNT Acc 0.1823 - Bal 0.1484 - MAE 1.5991 - Occ Acc 0.5128 - Occ F1 0.5046 (Thr 0.39, EmptyThr 0.141)
Repeat 1
Epoch 0/100 - 10.580s - Loss 0.306454 - ValidLoss 0.202980 - Valid Acc 0.2819 - Valid Bal 0.4057 - Valid MAE 1.1782 - Thr 0.40 - EmptyThr 0.244
Epoch 1/100 - 10.785s - Loss 0.173567 - ValidLoss 0.188710 - Valid Acc 0.2872 - Valid Bal 0.4414 - Valid MAE 0.8803 - Thr 0.47 - EmptyThr 0.209
Epoch 2/100 - 10.139s - Loss 0.168627 - ValidLoss 0.186016 - Valid Acc 0.2766 - Valid Bal 0.4156 - Valid MAE 1.0346 - Thr 0.41 - EmptyThr 0.179
Epoch 3/100 - 10.545s - Loss 0.167150 - ValidLoss 0.183469 - Valid Acc 0.2606 - Valid Bal 0.4174 - Valid MAE 0.9574 - Thr 0.49 - EmptyThr 0.171
Epoch 4/100 - 10.974s - Loss 0.162926 - ValidLoss 0.175387 - Valid Acc 0.3085 - Valid Bal 0.4304 - Valid MAE 0.9202 - Thr 0.42 - EmptyThr 0.153
Epoch 5/100 - 10.552s - Loss 0.161004 - ValidLoss 0.174580 - Valid Acc 0.3378 - Valid Bal 0.4617 - Valid MAE 0.8777 - Thr 0.43 - EmptyThr 0.154
Epoch 6/100 - 10.700s - Loss 0.158675 - ValidLoss 0.176309 - Valid Acc 0.3511 - Valid Bal 0.4585 - Valid MAE 0.8777 - Thr 0.43 - EmptyThr 0.189
Epoch 7/100 - 10.403s - Loss 0.159029 - ValidLoss 0.171778 - Valid Acc 0.3059 - Valid Bal 0.4510 - Valid MAE 0.8511 - Thr 0.42 - EmptyThr 0.134
Epoch 8/100 - 10.090s - Loss 0.157269 - ValidLoss 0.173359 - Valid Acc 0.3271 - Valid Bal 0.4402 - Valid MAE 0.9601 - Thr 0.36 - EmptyThr 0.142
Epoch 9/100 - 10.197s - Loss 0.157677 - ValidLoss 0.171523 - Valid Acc 0.2766 - Valid Bal 0.4330 - Valid MAE 0.8963 - Thr 0.64 - EmptyThr 0.145
Epoch 10/100 - 10.204s - Loss 0.158801 - ValidLoss 0.172057 - Valid Acc 0.3298 - Valid Bal 0.4642 - Valid MAE 0.8511 - Thr 0.41 - EmptyThr 0.142
Epoch 11/100 - 10.418s - Loss 0.156545 - ValidLoss 0.172142 - Valid Acc 0.3298 - Valid Bal 0.4697 - Valid MAE 0.8298 - Thr 0.43 - EmptyThr 0.141
Epoch 12/100 - 10.615s - Loss 0.154367 - ValidLoss 0.169901 - Valid Acc 0.3032 - Valid Bal 0.4537 - Valid MAE 0.8324 - Thr 0.65 - EmptyThr 0.145
Epoch 13/100 - 10.694s - Loss -986.391777 - ValidLoss -18849.830078 - Valid Acc 0.1622 - Valid Bal 0.2500 - Valid MAE 1.5984 - Thr 0.50 - EmptyThr 1.000
Epoch 14/100 - 10.553s - Loss -114150263.418665 - ValidLoss -806464576.000000 - Valid Acc 0.0957 - Valid Bal 0.2500 - Valid MAE 2.2447 - Thr 0.50 - EmptyThr 1.000
Epoch 15/100 - 10.758s - Loss -22364961916.082546 - ValidLoss -89214984192.000000 - Valid Acc 0.2447 - Valid Bal 0.2500 - Valid MAE 1.7660 - Thr 0.50 - EmptyThr 1.000
Epoch 16/100 - 10.573s - Loss -690342229496.151001 - ValidLoss -1589455749120.000000 - Valid Acc 0.3112 - Valid Bal 0.2500 - Valid MAE 1.2021 - Thr 0.50 - EmptyThr 1.000
Epoch 17/100 - 11.015s - Loss -5046884227929.358398 - ValidLoss -8375884054528.000000 - Valid Acc 0.2394 - Valid Bal 0.2471 - Valid MAE 1.1888 - Thr 0.50 - EmptyThr 1.000
Epoch 18/100 - 10.602s - Loss -23682168022160.906250 - ValidLoss -31565753090048.000000 - Valid Acc 0.2261 - Valid Bal 0.2471 - Valid MAE 1.1197 - Thr 0.50 - EmptyThr 1.000
Epoch 19/100 - 10.562s - Loss -71276617792608.609375 - ValidLoss -98584800264192.000000 - Valid Acc 0.2287 - Valid Bal 0.2500 - Valid MAE 1.1170 - Thr 0.50 - EmptyThr 1.000
Epoch 20/100 - 10.644s - Loss -171134685643447.562500 - ValidLoss -219012915003392.000000 - Valid Acc 0.1622 - Valid Bal 0.2500 - Valid MAE 1.6064 - Thr 0.50 - EmptyThr 1.000
Epoch 21/100 - 11.023s - Loss -342547937652813.312500 - ValidLoss -433356059705344.000000 - Valid Acc 0.1622 - Valid Bal 0.2500 - Valid MAE 1.6064 - Thr 0.50 - EmptyThr 1.000
Epoch 22/100 - 10.604s - Loss -657741905262785.250000 - ValidLoss -779994448003072.000000 - Valid Acc 0.2287 - Valid Bal 0.2500 - Valid MAE 1.1170 - Thr 0.50 - EmptyThr 1.000
Epoch 23/100 - 10.693s - Loss -1196419985734752.500000 - ValidLoss -1316181050916864.000000 - Valid Acc 0.1622 - Valid Bal 0.2500 - Valid MAE 1.6064 - Thr 0.50 - EmptyThr 1.000
Epoch 24/100 - 10.666s - Loss -1902607505320515.500000 - ValidLoss -2109383932641280.000000 - Valid Acc 0.1622 - Valid Bal 0.2500 - Valid MAE 1.6064 - Thr 0.50 - EmptyThr 1.000
Epoch 25/100 - 10.744s - Loss -2744999842248897.000000 - ValidLoss -3194837461368832.000000 - Valid Acc 0.1622 - Valid Bal 0.2500 - Valid MAE 1.6064 - Thr 0.50 - EmptyThr 1.000
Epoch 26/100 - 10.630s - Loss -4457435527921355.000000 - ValidLoss -4750977932460032.000000 - Valid Acc 0.1622 - Valid Bal 0.2500 - Valid MAE 1.6064 - Thr 0.50 - EmptyThr 1.000
Epoch 27/100 - 10.549s - Loss -5700601767434897.000000 - ValidLoss -6580072433582080.000000 - Valid Acc 0.1622 - Valid Bal 0.2500 - Valid MAE 1.6064 - Thr 0.50 - EmptyThr 1.000
Epoch 28/100 - 10.669s - Loss -8363433193210474.000000 - ValidLoss -9091922853363712.000000 - Valid Acc 0.1622 - Valid Bal 0.2500 - Valid MAE 1.6064 - Thr 0.50 - EmptyThr 1.000
Epoch 29/100 - 10.761s - Loss -11562153024515864.000000 - ValidLoss -12328692885749760.000000 - Valid Acc 0.1622 - Valid Bal 0.2500 - Valid MAE 1.6064 - Thr 0.50 - EmptyThr 1.000
Epoch 30/100 - 10.679s - Loss -13999033868378266.000000 - ValidLoss -15833816769757184.000000 - Valid Acc 0.1622 - Valid Bal 0.2500 - Valid MAE 1.6064 - Thr 0.50 - EmptyThr 1.000
Epoch 31/100 - 10.547s - Loss -18919237305712332.000000 - ValidLoss -20318407945617408.000000 - Valid Acc 0.1622 - Valid Bal 0.2500 - Valid MAE 1.6064 - Thr 0.50 - EmptyThr 1.000
Epoch 32/100 - 11.019s - Loss -25387636538039240.000000 - ValidLoss -25942809353650176.000000 - Valid Acc 0.1622 - Valid Bal 0.2500 - Valid MAE 1.6064 - Thr 0.50 - EmptyThr 1.000
Epoch 33/100 - 10.931s - Loss -33834185188308568.000000 - ValidLoss -32818081331937280.000000 - Valid Acc 0.1622 - Valid Bal 0.2500 - Valid MAE 1.6064 - Thr 0.50 - EmptyThr 1.000
Epoch 34/100 - 10.745s - Loss -38026054478445664.000000 - ValidLoss -39812744811118592.000000 - Valid Acc 0.1622 - Valid Bal 0.2500 - Valid MAE 1.6064 - Thr 0.50 - EmptyThr 1.000
Epoch 35/100 - 10.680s - Loss -47458734633455232.000000 - ValidLoss -48177794915500032.000000 - Valid Acc 0.1622 - Valid Bal 0.2500 - Valid MAE 1.6064 - Thr 0.50 - EmptyThr 1.000
Epoch 36/100 - 10.816s - Loss -64107451187724288.000000 - ValidLoss -59271768455512064.000000 - Valid Acc 0.1622 - Valid Bal 0.2500 - Valid MAE 1.6064 - Thr 0.50 - EmptyThr 1.000
Epoch 37/100 - 10.887s - Loss -74898154980297440.000000 - ValidLoss -70916081924964352.000000 - Valid Acc 0.1622 - Valid Bal 0.2500 - Valid MAE 1.6064 - Thr 0.50 - EmptyThr 1.000
Epoch 38/100 - 10.832s - Loss -78363478251402832.000000 - ValidLoss -82252343160078336.000000 - Valid Acc 0.1622 - Valid Bal 0.2500 - Valid MAE 1.6064 - Thr 0.50 - EmptyThr 1.000
Epoch 39/100 - 10.562s - Loss -106475474887411520.000000 - ValidLoss -96823423438684160.000000 - Valid Acc 0.1622 - Valid Bal 0.2500 - Valid MAE 1.6064 - Thr 0.50 - EmptyThr 1.000
Epoch 40/100 - 10.722s - Loss -128605334044607696.000000 - ValidLoss -113184388388225024.000000 - Valid Acc 0.1622 - Valid Bal 0.2500 - Valid MAE 1.6064 - Thr 0.50 - EmptyThr 1.000
Epoch 41/100 - 10.324s - Loss -134538776249314176.000000 - ValidLoss -128962431786418176.000000 - Valid Acc 0.1622 - Valid Bal 0.2500 - Valid MAE 1.6064 - Thr 0.50 - EmptyThr 1.000
Epoch 42/100 - 10.362s - Loss -167737906738787296.000000 - ValidLoss -147483799645585408.000000 - Valid Acc 0.1622 - Valid Bal 0.2500 - Valid MAE 1.6064 - Thr 0.50 - EmptyThr 1.000
Epoch 43/100 - 10.139s - Loss -165649340076066016.000000 - ValidLoss -165531509921415168.000000 - Valid Acc 0.1622 - Valid Bal 0.2500 - Valid MAE 1.6064 - Thr 0.50 - EmptyThr 1.000
Epoch 44/100 - 10.828s - Loss -211397035323585504.000000 - ValidLoss -186070558926962688.000000 - Valid Acc 0.1622 - Valid Bal 0.2500 - Valid MAE 1.6064 - Thr 0.50 - EmptyThr 1.000
Epoch 45/100 - 10.363s - Loss -213219488298800576.000000 - ValidLoss -206833118030594048.000000 - Valid Acc 0.1622 - Valid Bal 0.2500 - Valid MAE 1.6064 - Thr 0.50 - EmptyThr 1.000
Epoch 46/100 - 10.614s - Loss -231854913026404416.000000 - ValidLoss -227861724588408832.000000 - Valid Acc 0.1622 - Valid Bal 0.2500 - Valid MAE 1.6064 - Thr 0.50 - EmptyThr 1.000
Epoch 47/100 - 10.229s - Loss -248761041909972992.000000 - ValidLoss -250384962585362432.000000 - Valid Acc 0.1622 - Valid Bal 0.2500 - Valid MAE 1.6064 - Thr 0.50 - EmptyThr 1.000
Epoch 48/100 - 10.143s - Loss -269193368630920416.000000 - ValidLoss -273175605246164992.000000 - Valid Acc 0.1622 - Valid Bal 0.2500 - Valid MAE 1.6064 - Thr 0.50 - EmptyThr 1.000
Epoch 49/100 - 10.311s - Loss -302596728294493504.000000 - ValidLoss -296578967941414912.000000 - Valid Acc 0.1622 - Valid Bal 0.2500 - Valid MAE 1.6064 - Thr 0.50 - EmptyThr 1.000
Epoch 50/100 - 10.504s - Loss -312056875117850688.000000 - ValidLoss -320690364585345024.000000 - Valid Acc 0.1622 - Valid Bal 0.2500 - Valid MAE 1.6064 - Thr 0.50 - EmptyThr 1.000
Epoch 51/100 - 10.488s - Loss -387700843619291968.000000 - ValidLoss -347959008868433920.000000 - Valid Acc 0.1622 - Valid Bal 0.2500 - Valid MAE 1.6064 - Thr 0.50 - EmptyThr 1.000
Epoch 52/100 - 10.241s - Loss -406509640427815232.000000 - ValidLoss -375448689348444160.000000 - Valid Acc 0.1622 - Valid Bal 0.2500 - Valid MAE 1.6064 - Thr 0.50 - EmptyThr 1.000
Epoch 53/100 - 10.142s - Loss -404291588379090816.000000 - ValidLoss -401392834436923392.000000 - Valid Acc 0.1622 - Valid Bal 0.2500 - Valid MAE 1.6064 - Thr 0.50 - EmptyThr 1.000
Epoch 54/100 - 10.503s - Loss -484822528783548416.000000 - ValidLoss -430108813979287552.000000 - Valid Acc 0.1622 - Valid Bal 0.2500 - Valid MAE 1.6064 - Thr 0.50 - EmptyThr 1.000
Epoch 55/100 - 10.414s - Loss -495090046611236544.000000 - ValidLoss -456900132776968192.000000 - Valid Acc 0.1622 - Valid Bal 0.2500 - Valid MAE 1.6064 - Thr 0.50 - EmptyThr 1.000
Epoch 56/100 - 10.523s - Loss -543849567760322816.000000 - ValidLoss -485160158591188992.000000 - Valid Acc 0.1622 - Valid Bal 0.2500 - Valid MAE 1.6064 - Thr 0.50 - EmptyThr 1.000
Epoch 57/100 - 10.193s - Loss -548751312979774784.000000 - ValidLoss -511863069782048768.000000 - Valid Acc 0.1622 - Valid Bal 0.2500 - Valid MAE 1.6064 - Thr 0.50 - EmptyThr 1.000
Epoch 58/100 - 10.404s - Loss -619438955219322112.000000 - ValidLoss -540550839979212800.000000 - Valid Acc 0.1622 - Valid Bal 0.2500 - Valid MAE 1.6064 - Thr 0.50 - EmptyThr 1.000
Epoch 59/100 - 10.459s - Loss -627123421509731200.000000 - ValidLoss -567674142569005056.000000 - Valid Acc 0.1622 - Valid Bal 0.2500 - Valid MAE 1.6064 - Thr 0.50 - EmptyThr 1.000
Epoch 60/100 - 10.572s - Loss -726971435102675968.000000 - ValidLoss -597003134203592704.000000 - Valid Acc 0.1622 - Valid Bal 0.2500 - Valid MAE 1.6064 - Thr 0.50 - EmptyThr 1.000
Epoch 61/100 - 10.222s - Loss -675902345558028672.000000 - ValidLoss -622919379184517120.000000 - Valid Acc 0.1622 - Valid Bal 0.2500 - Valid MAE 1.6064 - Thr 0.50 - EmptyThr 1.000
Epoch 62/100 - 10.089s - Loss -643779943075206272.000000 - ValidLoss -645433391591718912.000000 - Valid Acc 0.1622 - Valid Bal 0.2500 - Valid MAE 1.6064 - Thr 0.50 - EmptyThr 1.000
Epoch 63/100 - 10.527s - Loss -689093736443798272.000000 - ValidLoss -669006714732806144.000000 - Valid Acc 0.1622 - Valid Bal 0.2500 - Valid MAE 1.6064 - Thr 0.50 - EmptyThr 1.000
Epoch 64/100 - 10.546s - Loss -831775094549368704.000000 - ValidLoss -695187804577071104.000000 - Valid Acc 0.1622 - Valid Bal 0.2500 - Valid MAE 1.6064 - Thr 0.50 - EmptyThr 1.000
Epoch 65/100 - 10.344s - Loss -723451991122658176.000000 - ValidLoss -716773966609383424.000000 - Valid Acc 0.1622 - Valid Bal 0.2500 - Valid MAE 1.6064 - Thr 0.50 - EmptyThr 1.000
Epoch 66/100 - 10.248s - Loss -741650500320186880.000000 - ValidLoss -737152589996490752.000000 - Valid Acc 0.1622 - Valid Bal 0.2500 - Valid MAE 1.6064 - Thr 0.50 - EmptyThr 1.000
Epoch 67/100 - 10.313s - Loss -840984198107038976.000000 - ValidLoss -759505523950223360.000000 - Valid Acc 0.1622 - Valid Bal 0.2500 - Valid MAE 1.6064 - Thr 0.50 - EmptyThr 1.000
Epoch 68/100 - 10.472s - Loss -758938696501403520.000000 - ValidLoss -778242439038107648.000000 - Valid Acc 0.1622 - Valid Bal 0.2500 - Valid MAE 1.6064 - Thr 0.50 - EmptyThr 1.000
Epoch 69/100 - 10.355s - Loss -807631942580412288.000000 - ValidLoss -796665580995215360.000000 - Valid Acc 0.1622 - Valid Bal 0.2500 - Valid MAE 1.6064 - Thr 0.50 - EmptyThr 1.000
Epoch 70/100 - 10.369s - Loss -872813521732899712.000000 - ValidLoss -815201972649984000.000000 - Valid Acc 0.1622 - Valid Bal 0.2500 - Valid MAE 1.6064 - Thr 0.50 - EmptyThr 1.000
Epoch 71/100 - 10.292s - Loss -805583803206064512.000000 - ValidLoss -831569783777394688.000000 - Valid Acc 0.1622 - Valid Bal 0.2500 - Valid MAE 1.6064 - Thr 0.50 - EmptyThr 1.000
Epoch 72/100 - 10.523s - Loss -935001615046041728.000000 - ValidLoss -848679559095123968.000000 - Valid Acc 0.1622 - Valid Bal 0.2500 - Valid MAE 1.6064 - Thr 0.50 - EmptyThr 1.000
Epoch 73/100 - 10.391s - Loss -976889193301926656.000000 - ValidLoss -865193124232691712.000000 - Valid Acc 0.1622 - Valid Bal 0.2500 - Valid MAE 1.6064 - Thr 0.50 - EmptyThr 1.000
Epoch 74/100 - 10.406s - Loss -868710301257398528.000000 - ValidLoss -878739657242705920.000000 - Valid Acc 0.1622 - Valid Bal 0.2500 - Valid MAE 1.6064 - Thr 0.50 - EmptyThr 1.000
Epoch 75/100 - 10.259s - Loss -966986500379320832.000000 - ValidLoss -892387345322475520.000000 - Valid Acc 0.1622 - Valid Bal 0.2500 - Valid MAE 1.6064 - Thr 0.50 - EmptyThr 1.000
Epoch 76/100 - 10.499s - Loss -943060077054703488.000000 - ValidLoss -904255542552166400.000000 - Valid Acc 0.1622 - Valid Bal 0.2500 - Valid MAE 1.6064 - Thr 0.50 - EmptyThr 1.000
Epoch 77/100 - 10.481s - Loss -1056805828245442432.000000 - ValidLoss -916930918755598336.000000 - Valid Acc 0.1622 - Valid Bal 0.2500 - Valid MAE 1.6064 - Thr 0.50 - EmptyThr 1.000
Epoch 78/100 - 10.436s - Loss -935217658972310528.000000 - ValidLoss -927227226674429952.000000 - Valid Acc 0.1622 - Valid Bal 0.2500 - Valid MAE 1.6064 - Thr 0.50 - EmptyThr 1.000
Epoch 79/100 - 10.199s - Loss -1003839856733214464.000000 - ValidLoss -936798544113696768.000000 - Valid Acc 0.1622 - Valid Bal 0.2500 - Valid MAE 1.6064 - Thr 0.50 - EmptyThr 1.000
Epoch 80/100 - 10.427s - Loss -1136449509675222528.000000 - ValidLoss -947478031834808320.000000 - Valid Acc 0.1622 - Valid Bal 0.2500 - Valid MAE 1.6064 - Thr 0.50 - EmptyThr 1.000
Epoch 81/100 - 10.453s - Loss -1145934957691842048.000000 - ValidLoss -958093335564648448.000000 - Valid Acc 0.1622 - Valid Bal 0.2500 - Valid MAE 1.6064 - Thr 0.50 - EmptyThr 1.000
Epoch 82/100 - 10.529s - Loss -944581330368418304.000000 - ValidLoss -966921520582492160.000000 - Valid Acc 0.1622 - Valid Bal 0.2500 - Valid MAE 1.6064 - Thr 0.50 - EmptyThr 1.000
Epoch 83/100 - 10.388s - Loss -1142393072345470080.000000 - ValidLoss -977088017409769472.000000 - Valid Acc 0.1622 - Valid Bal 0.2500 - Valid MAE 1.6064 - Thr 0.50 - EmptyThr 1.000
Epoch 84/100 - 10.336s - Loss -1090842964053948672.000000 - ValidLoss -986847282617909248.000000 - Valid Acc 0.1622 - Valid Bal 0.2500 - Valid MAE 1.6064 - Thr 0.50 - EmptyThr 1.000
Epoch 85/100 - 10.391s - Loss -1103512029782032128.000000 - ValidLoss -996656987921973248.000000 - Valid Acc 0.1622 - Valid Bal 0.2500 - Valid MAE 1.6064 - Thr 0.50 - EmptyThr 1.000
Epoch 86/100 - 10.566s - Loss -1186866298376643840.000000 - ValidLoss -1007024695377133568.000000 - Valid Acc 0.1622 - Valid Bal 0.2500 - Valid MAE 1.6064 - Thr 0.50 - EmptyThr 1.000
Epoch 87/100 - 10.308s - Loss -1117940810849936768.000000 - ValidLoss -1016966342076530688.000000 - Valid Acc 0.1622 - Valid Bal 0.2500 - Valid MAE 1.6064 - Thr 0.50 - EmptyThr 1.000
Epoch 88/100 - 10.351s - Loss -1107562919205234048.000000 - ValidLoss -1026657025246887936.000000 - Valid Acc 0.1622 - Valid Bal 0.2500 - Valid MAE 1.6064 - Thr 0.50 - EmptyThr 1.000
Epoch 89/100 - 10.449s - Loss -1130222055218385152.000000 - ValidLoss -1036578605859078144.000000 - Valid Acc 0.1622 - Valid Bal 0.2500 - Valid MAE 1.6064 - Thr 0.50 - EmptyThr 1.000
Epoch 90/100 - 10.417s - Loss -1081361719907191168.000000 - ValidLoss -1045795468237340672.000000 - Valid Acc 0.1622 - Valid Bal 0.2500 - Valid MAE 1.6064 - Thr 0.50 - EmptyThr 1.000
Epoch 91/100 - 10.398s - Loss -1202743080468071936.000000 - ValidLoss -1056148332285526016.000000 - Valid Acc 0.1622 - Valid Bal 0.2500 - Valid MAE 1.6064 - Thr 0.50 - EmptyThr 1.000
Epoch 92/100 - 10.239s - Loss -1245089333717010176.000000 - ValidLoss -1067014736983359488.000000 - Valid Acc 0.1622 - Valid Bal 0.2500 - Valid MAE 1.6064 - Thr 0.50 - EmptyThr 1.000
Epoch 93/100 - 10.418s - Loss -1241526988373076224.000000 - ValidLoss -1077714977986445312.000000 - Valid Acc 0.1622 - Valid Bal 0.2500 - Valid MAE 1.6064 - Thr 0.50 - EmptyThr 1.000
Epoch 94/100 - 10.495s - Loss -1116930825551154816.000000 - ValidLoss -1087485100871909376.000000 - Valid Acc 0.1622 - Valid Bal 0.2500 - Valid MAE 1.6064 - Thr 0.50 - EmptyThr 1.000
Epoch 95/100 - 10.471s - Loss -1300279418318131456.000000 - ValidLoss -1098511347072630784.000000 - Valid Acc 0.1622 - Valid Bal 0.2500 - Valid MAE 1.6064 - Thr 0.50 - EmptyThr 1.000
Epoch 96/100 - 10.228s - Loss -1011419449847719552.000000 - ValidLoss -1107251983477112832.000000 - Valid Acc 0.1622 - Valid Bal 0.2500 - Valid MAE 1.6064 - Thr 0.50 - EmptyThr 1.000
Epoch 97/100 - 10.310s - Loss -1151600566165035392.000000 - ValidLoss -1116749977234702336.000000 - Valid Acc 0.1622 - Valid Bal 0.2500 - Valid MAE 1.6064 - Thr 0.50 - EmptyThr 1.000
Epoch 98/100 - 10.553s - Loss -1236839152984621568.000000 - ValidLoss -1127267768027054080.000000 - Valid Acc 0.1622 - Valid Bal 0.2500 - Valid MAE 1.6064 - Thr 0.50 - EmptyThr 1.000
Epoch 99/100 - 10.477s - Loss -1240297668527398144.000000 - ValidLoss -1137906367659507712.000000 - Valid Acc 0.1622 - Valid Bal 0.2500 - Valid MAE 1.6064 - Thr 0.50 - EmptyThr 1.000
Epoch that the model was saved 11
Best smoothed balanced count accuracy: 0.453884, smoothed count MAE: 0.877313
  [classroom] COUNT Acc 0.2180 - Bal 0.3140 - MAE 1.5774 - Occ Acc 0.5580 - Occ F1 0.5512 (Thr 0.43, EmptyThr 0.141)
Repeat 2
Epoch 0/100 - 9.964s - Loss 0.314687 - ValidLoss 0.201839 - Valid Acc 0.2846 - Valid Bal 0.4187 - Valid MAE 1.0239 - Thr 0.41 - EmptyThr 0.177
Epoch 1/100 - 9.784s - Loss 0.174435 - ValidLoss 0.189971 - Valid Acc 0.3165 - Valid Bal 0.4272 - Valid MAE 0.9894 - Thr 0.42 - EmptyThr 0.139
Epoch 2/100 - 9.827s - Loss 0.166432 - ValidLoss 0.181002 - Valid Acc 0.2793 - Valid Bal 0.4213 - Valid MAE 0.9282 - Thr 0.49 - EmptyThr 0.087
Epoch 3/100 - 9.835s - Loss 0.164075 - ValidLoss 0.178827 - Valid Acc 0.2952 - Valid Bal 0.4289 - Valid MAE 0.9096 - Thr 0.44 - EmptyThr 0.170
Epoch 4/100 - 10.199s - Loss 0.158816 - ValidLoss 0.173214 - Valid Acc 0.3245 - Valid Bal 0.4355 - Valid MAE 0.9202 - Thr 0.39 - EmptyThr 0.141
Epoch 5/100 - 10.014s - Loss 0.158153 - ValidLoss 0.177047 - Valid Acc 0.3138 - Valid Bal 0.4603 - Valid MAE 0.8457 - Thr 0.46 - EmptyThr 0.154
Epoch 6/100 - 10.158s - Loss 0.160743 - ValidLoss 0.175281 - Valid Acc 0.2926 - Valid Bal 0.4391 - Valid MAE 0.8431 - Thr 0.64 - EmptyThr 0.153
Epoch 7/100 - 9.790s - Loss 0.156495 - ValidLoss 0.173363 - Valid Acc 0.2739 - Valid Bal 0.4280 - Valid MAE 0.9362 - Thr 0.68 - EmptyThr 0.130
Epoch 8/100 - 10.161s - Loss 0.155558 - ValidLoss 0.174256 - Valid Acc 0.3883 - Valid Bal 0.4946 - Valid MAE 0.7234 - Thr 0.44 - EmptyThr 0.141
Epoch 9/100 - 10.026s - Loss 0.156897 - ValidLoss 0.171216 - Valid Acc 0.3617 - Valid Bal 0.4838 - Valid MAE 0.7713 - Thr 0.42 - EmptyThr 0.131
Epoch 10/100 - 10.311s - Loss 0.159647 - ValidLoss 0.173101 - Valid Acc 0.3324 - Valid Bal 0.4706 - Valid MAE 0.8271 - Thr 0.41 - EmptyThr 0.121
Epoch 11/100 - 9.825s - Loss 0.154824 - ValidLoss 0.169665 - Valid Acc 0.3537 - Valid Bal 0.4838 - Valid MAE 0.7420 - Thr 0.43 - EmptyThr 0.148
Epoch 12/100 - 10.123s - Loss 0.157448 - ValidLoss 0.169114 - Valid Acc 0.3989 - Valid Bal 0.5125 - Valid MAE 0.7287 - Thr 0.41 - EmptyThr 0.135
Epoch 13/100 - 9.999s - Loss 0.156641 - ValidLoss 0.169232 - Valid Acc 0.3165 - Valid Bal 0.4275 - Valid MAE 0.9814 - Thr 0.32 - EmptyThr 0.121
Epoch 14/100 - 10.290s - Loss 0.154330 - ValidLoss 0.173933 - Valid Acc 0.3085 - Valid Bal 0.4479 - Valid MAE 0.8803 - Thr 0.37 - EmptyThr 0.116
Epoch 15/100 - 9.960s - Loss 0.154061 - ValidLoss 0.169685 - Valid Acc 0.3457 - Valid Bal 0.4829 - Valid MAE 0.8005 - Thr 0.35 - EmptyThr 0.126
Epoch 16/100 - 10.037s - Loss 0.156761 - ValidLoss 0.169222 - Valid Acc 0.3165 - Valid Bal 0.4583 - Valid MAE 0.8112 - Thr 0.40 - EmptyThr 0.131
Epoch 17/100 - 9.979s - Loss 0.152833 - ValidLoss 0.170019 - Valid Acc 0.3803 - Valid Bal 0.5031 - Valid MAE 0.7553 - Thr 0.38 - EmptyThr 0.126
Epoch 18/100 - 10.297s - Loss 0.153103 - ValidLoss 0.167686 - Valid Acc 0.3511 - Valid Bal 0.4767 - Valid MAE 0.7793 - Thr 0.39 - EmptyThr 0.111
Epoch 19/100 - 10.001s - Loss 0.154145 - ValidLoss 0.168660 - Valid Acc 0.3165 - Valid Bal 0.4679 - Valid MAE 0.8138 - Thr 0.45 - EmptyThr 0.121
Epoch 20/100 - 10.058s - Loss 0.151627 - ValidLoss 0.169666 - Valid Acc 0.3404 - Valid Bal 0.4787 - Valid MAE 0.8059 - Thr 0.36 - EmptyThr 0.127
Epoch 21/100 - 9.850s - Loss 0.151270 - ValidLoss 0.169001 - Valid Acc 0.3351 - Valid Bal 0.4924 - Valid MAE 0.7261 - Thr 0.42 - EmptyThr 0.126
Epoch 22/100 - 10.309s - Loss 0.151950 - ValidLoss 0.167022 - Valid Acc 0.3404 - Valid Bal 0.4976 - Valid MAE 0.7234 - Thr 0.49 - EmptyThr 0.106
Epoch 23/100 - 9.994s - Loss 0.152810 - ValidLoss 0.165864 - Valid Acc 0.3404 - Valid Bal 0.4808 - Valid MAE 0.8032 - Thr 0.37 - EmptyThr 0.112
Epoch 24/100 - 10.182s - Loss -1504.890080 - ValidLoss -18107.771484 - Valid Acc 0.1649 - Valid Bal 0.2465 - Valid MAE 1.7340 - Thr 0.07 - EmptyThr 0.988
Epoch 25/100 - 9.831s - Loss -31670064.413734 - ValidLoss -186051648.000000 - Valid Acc 0.1622 - Valid Bal 0.2500 - Valid MAE 1.7553 - Thr 0.50 - EmptyThr 1.000
Epoch 26/100 - 10.292s - Loss -6092594552.926445 - ValidLoss -29594972160.000000 - Valid Acc 0.2447 - Valid Bal 0.2500 - Valid MAE 1.8404 - Thr 0.50 - EmptyThr 1.000
Epoch 27/100 - 10.007s - Loss -210648845675.981140 - ValidLoss -577708949504.000000 - Valid Acc 0.2447 - Valid Bal 0.2500 - Valid MAE 1.8404 - Thr 0.50 - EmptyThr 1.000
Epoch 28/100 - 10.252s - Loss -1685357371130.717041 - ValidLoss -2889724461056.000000 - Valid Acc 0.2447 - Valid Bal 0.2500 - Valid MAE 1.8378 - Thr 0.50 - EmptyThr 1.000
Epoch 29/100 - 9.701s - Loss -6203657197548.679688 - ValidLoss -10353404542976.000000 - Valid Acc 0.2447 - Valid Bal 0.2500 - Valid MAE 1.8378 - Thr 0.50 - EmptyThr 1.000
Epoch 30/100 - 10.254s - Loss -24007961105847.546875 - ValidLoss -38132615479296.000000 - Valid Acc 0.2447 - Valid Bal 0.2500 - Valid MAE 1.8404 - Thr 0.50 - EmptyThr 1.000
Epoch 31/100 - 9.920s - Loss -68145612810790.640625 - ValidLoss -98961700421632.000000 - Valid Acc 0.0957 - Valid Bal 0.2500 - Valid MAE 2.2447 - Thr 0.50 - EmptyThr 1.000
Epoch 32/100 - 10.368s - Loss -184397694251819.468750 - ValidLoss -227673901105152.000000 - Valid Acc 0.2447 - Valid Bal 0.2500 - Valid MAE 1.8404 - Thr 0.50 - EmptyThr 1.000
Epoch 33/100 - 9.696s - Loss -345525788151769.375000 - ValidLoss -437104928620544.000000 - Valid Acc 0.0957 - Valid Bal 0.2500 - Valid MAE 2.2447 - Thr 0.50 - EmptyThr 1.000
Epoch 34/100 - 10.330s - Loss -715296657327316.500000 - ValidLoss -792586956570624.000000 - Valid Acc 0.0957 - Valid Bal 0.2500 - Valid MAE 2.2447 - Thr 0.50 - EmptyThr 1.000
Epoch 35/100 - 9.868s - Loss -1124406316392602.625000 - ValidLoss -1280392833269760.000000 - Valid Acc 0.0957 - Valid Bal 0.2500 - Valid MAE 2.2447 - Thr 0.50 - EmptyThr 1.000
Epoch 36/100 - 10.272s - Loss -1649615795944235.500000 - ValidLoss -1925223788052480.000000 - Valid Acc 0.0957 - Valid Bal 0.2500 - Valid MAE 2.2447 - Thr 0.50 - EmptyThr 1.000
Epoch 37/100 - 9.837s - Loss -2576338959155200.000000 - ValidLoss -2868531079151616.000000 - Valid Acc 0.0957 - Valid Bal 0.2500 - Valid MAE 2.2447 - Thr 0.50 - EmptyThr 1.000
Epoch 38/100 - 10.057s - Loss -3913604479853007.500000 - ValidLoss -4077148029583360.000000 - Valid Acc 0.0957 - Valid Bal 0.2500 - Valid MAE 2.2447 - Thr 0.50 - EmptyThr 1.000
Epoch 39/100 - 9.824s - Loss -5538001800747356.000000 - ValidLoss -5650701640269824.000000 - Valid Acc 0.0957 - Valid Bal 0.2500 - Valid MAE 2.2447 - Thr 0.50 - EmptyThr 1.000
Epoch 40/100 - 10.273s - Loss -6912259770368927.000000 - ValidLoss -7435219749568512.000000 - Valid Acc 0.0957 - Valid Bal 0.2500 - Valid MAE 2.2447 - Thr 0.50 - EmptyThr 1.000
Epoch 41/100 - 9.938s - Loss -8928438730005137.000000 - ValidLoss -9485846516334592.000000 - Valid Acc 0.0957 - Valid Bal 0.2500 - Valid MAE 2.2447 - Thr 0.50 - EmptyThr 1.000
Epoch 42/100 - 9.890s - Loss -13261424874367864.000000 - ValidLoss -12345136168042496.000000 - Valid Acc 0.0957 - Valid Bal 0.2500 - Valid MAE 2.2447 - Thr 0.50 - EmptyThr 1.000
Epoch 43/100 - 9.854s - Loss -15586080977440690.000000 - ValidLoss -15395751580401664.000000 - Valid Acc 0.0957 - Valid Bal 0.2500 - Valid MAE 2.2447 - Thr 0.50 - EmptyThr 1.000
Epoch 44/100 - 10.155s - Loss -17469300299629162.000000 - ValidLoss -18562603840176128.000000 - Valid Acc 0.0957 - Valid Bal 0.2500 - Valid MAE 2.2447 - Thr 0.50 - EmptyThr 1.000
Epoch 45/100 - 9.875s - Loss -22093988307385440.000000 - ValidLoss -22336587308204032.000000 - Valid Acc 0.0957 - Valid Bal 0.2500 - Valid MAE 2.2447 - Thr 0.50 - EmptyThr 1.000
Epoch 46/100 - 10.118s - Loss -28423614545912580.000000 - ValidLoss -26689787918286848.000000 - Valid Acc 0.0957 - Valid Bal 0.2500 - Valid MAE 2.2447 - Thr 0.50 - EmptyThr 1.000
Epoch 47/100 - 9.647s - Loss -30630979049179252.000000 - ValidLoss -31166589097213952.000000 - Valid Acc 0.0957 - Valid Bal 0.2500 - Valid MAE 2.2447 - Thr 0.50 - EmptyThr 1.000
Epoch 48/100 - 10.083s - Loss -36534547802721296.000000 - ValidLoss -36045882398867456.000000 - Valid Acc 0.0957 - Valid Bal 0.2500 - Valid MAE 2.2447 - Thr 0.50 - EmptyThr 1.000
Epoch 49/100 - 9.880s - Loss -46288507940105392.000000 - ValidLoss -41673526507208704.000000 - Valid Acc 0.0957 - Valid Bal 0.2500 - Valid MAE 2.2447 - Thr 0.50 - EmptyThr 1.000
Epoch 50/100 - 10.168s - Loss -42739374964837392.000000 - ValidLoss -46620804846190592.000000 - Valid Acc 0.0957 - Valid Bal 0.2500 - Valid MAE 2.2447 - Thr 0.50 - EmptyThr 1.000
Epoch 51/100 - 9.740s - Loss -52788077855422352.000000 - ValidLoss -52500516290166784.000000 - Valid Acc 0.0957 - Valid Bal 0.2500 - Valid MAE 2.2447 - Thr 0.50 - EmptyThr 1.000
Epoch 52/100 - 9.982s - Loss -60519253453322744.000000 - ValidLoss -58723374146256896.000000 - Valid Acc 0.0957 - Valid Bal 0.2500 - Valid MAE 2.2447 - Thr 0.50 - EmptyThr 1.000
Epoch 53/100 - 9.879s - Loss -68350370623431736.000000 - ValidLoss -65253914869497856.000000 - Valid Acc 0.0957 - Valid Bal 0.2500 - Valid MAE 2.2447 - Thr 0.50 - EmptyThr 1.000
Epoch 54/100 - 10.146s - Loss -73430831661026320.000000 - ValidLoss -71896970850992128.000000 - Valid Acc 0.0957 - Valid Bal 0.2500 - Valid MAE 2.2447 - Thr 0.50 - EmptyThr 1.000
Epoch 55/100 - 9.879s - Loss -83884777523726448.000000 - ValidLoss -78936980594884608.000000 - Valid Acc 0.0957 - Valid Bal 0.2500 - Valid MAE 2.2447 - Thr 0.50 - EmptyThr 1.000
Epoch 56/100 - 9.944s - Loss -97732862918163856.000000 - ValidLoss -86308278346186752.000000 - Valid Acc 0.0957 - Valid Bal 0.2500 - Valid MAE 2.2447 - Thr 0.50 - EmptyThr 1.000
Epoch 57/100 - 9.806s - Loss -95292056555141008.000000 - ValidLoss -93533134892564480.000000 - Valid Acc 0.0957 - Valid Bal 0.2500 - Valid MAE 2.2447 - Thr 0.50 - EmptyThr 1.000
Epoch 58/100 - 10.195s - Loss -106138706865192336.000000 - ValidLoss -100884512585547776.000000 - Valid Acc 0.0957 - Valid Bal 0.2500 - Valid MAE 2.2447 - Thr 0.50 - EmptyThr 1.000
Epoch 59/100 - 9.983s - Loss -122106091846267888.000000 - ValidLoss -108500614882787328.000000 - Valid Acc 0.0957 - Valid Bal 0.2500 - Valid MAE 2.2447 - Thr 0.50 - EmptyThr 1.000
Epoch 60/100 - 9.996s - Loss -114153957180744768.000000 - ValidLoss -115247725036961792.000000 - Valid Acc 0.0957 - Valid Bal 0.2500 - Valid MAE 2.2447 - Thr 0.50 - EmptyThr 1.000
Epoch 61/100 - 9.729s - Loss -124646583173377200.000000 - ValidLoss -122207925698560000.000000 - Valid Acc 0.0957 - Valid Bal 0.2500 - Valid MAE 2.2447 - Thr 0.50 - EmptyThr 1.000
Epoch 62/100 - 10.316s - Loss -121346800229172128.000000 - ValidLoss -128722136956141568.000000 - Valid Acc 0.0957 - Valid Bal 0.2500 - Valid MAE 2.2447 - Thr 0.50 - EmptyThr 1.000
Epoch 63/100 - 9.866s - Loss -142042834605742736.000000 - ValidLoss -135695600476749824.000000 - Valid Acc 0.0957 - Valid Bal 0.2500 - Valid MAE 2.2447 - Thr 0.50 - EmptyThr 1.000
Epoch 64/100 - 10.120s - Loss -161651571226169280.000000 - ValidLoss -143084430284554240.000000 - Valid Acc 0.0957 - Valid Bal 0.2500 - Valid MAE 2.2447 - Thr 0.50 - EmptyThr 1.000
Epoch 65/100 - 9.648s - Loss -171564894039028416.000000 - ValidLoss -150037604379656192.000000 - Valid Acc 0.0957 - Valid Bal 0.2500 - Valid MAE 2.2447 - Thr 0.50 - EmptyThr 1.000
Epoch 66/100 - 10.069s - Loss -169990103557828384.000000 - ValidLoss -156954666389733376.000000 - Valid Acc 0.0957 - Valid Bal 0.2500 - Valid MAE 2.2447 - Thr 0.50 - EmptyThr 1.000
Epoch 67/100 - 9.905s - Loss -172286020414301536.000000 - ValidLoss -162952553858859008.000000 - Valid Acc 0.0957 - Valid Bal 0.2500 - Valid MAE 2.2447 - Thr 0.50 - EmptyThr 1.000
Epoch 68/100 - 10.202s - Loss -177059850271395456.000000 - ValidLoss -168989628609593344.000000 - Valid Acc 0.0957 - Valid Bal 0.2500 - Valid MAE 2.2447 - Thr 0.50 - EmptyThr 1.000
Epoch 69/100 - 9.654s - Loss -206057144128169952.000000 - ValidLoss -175189087483854848.000000 - Valid Acc 0.0957 - Valid Bal 0.2500 - Valid MAE 2.2447 - Thr 0.50 - EmptyThr 1.000
Epoch 70/100 - 9.995s - Loss -207581867336897984.000000 - ValidLoss -181328674514010112.000000 - Valid Acc 0.0957 - Valid Bal 0.2500 - Valid MAE 2.2447 - Thr 0.50 - EmptyThr 1.000
Epoch 71/100 - 9.872s - Loss -234911279962959328.000000 - ValidLoss -187315738665549824.000000 - Valid Acc 0.0957 - Valid Bal 0.2500 - Valid MAE 2.2447 - Thr 0.50 - EmptyThr 1.000
Epoch 72/100 - 10.163s - Loss -226689293808872928.000000 - ValidLoss -192732877836779520.000000 - Valid Acc 0.0957 - Valid Bal 0.2500 - Valid MAE 2.2447 - Thr 0.50 - EmptyThr 1.000
Epoch 73/100 - 9.852s - Loss -218011377901205696.000000 - ValidLoss -197561761107279872.000000 - Valid Acc 0.0957 - Valid Bal 0.2500 - Valid MAE 2.2447 - Thr 0.50 - EmptyThr 1.000
Epoch 74/100 - 9.957s - Loss -227717113278153024.000000 - ValidLoss -202142137570033664.000000 - Valid Acc 0.0957 - Valid Bal 0.2500 - Valid MAE 2.2447 - Thr 0.50 - EmptyThr 1.000
Epoch 75/100 - 9.863s - Loss -210363754720155392.000000 - ValidLoss -206007350438395904.000000 - Valid Acc 0.0957 - Valid Bal 0.2500 - Valid MAE 2.2447 - Thr 0.50 - EmptyThr 1.000
Epoch 76/100 - 10.220s - Loss -245710257159316544.000000 - ValidLoss -210007459639590912.000000 - Valid Acc 0.0957 - Valid Bal 0.2500 - Valid MAE 2.2447 - Thr 0.50 - EmptyThr 1.000
Epoch 77/100 - 9.947s - Loss -242807753616644448.000000 - ValidLoss -213686855042859008.000000 - Valid Acc 0.0957 - Valid Bal 0.2500 - Valid MAE 2.2447 - Thr 0.50 - EmptyThr 1.000
Epoch 78/100 - 10.078s - Loss -251707008215960896.000000 - ValidLoss -217219620262641664.000000 - Valid Acc 0.0957 - Valid Bal 0.2500 - Valid MAE 2.2447 - Thr 0.50 - EmptyThr 1.000
Epoch 79/100 - 9.885s - Loss -222958473408339520.000000 - ValidLoss -219980751658024960.000000 - Valid Acc 0.0957 - Valid Bal 0.2500 - Valid MAE 2.2447 - Thr 0.50 - EmptyThr 1.000
Epoch 80/100 - 10.152s - Loss -231548297312261248.000000 - ValidLoss -222822920496349184.000000 - Valid Acc 0.0957 - Valid Bal 0.2500 - Valid MAE 2.2447 - Thr 0.50 - EmptyThr 1.000
Epoch 81/100 - 10.164s - Loss -277633673758487232.000000 - ValidLoss -226031587483975680.000000 - Valid Acc 0.0957 - Valid Bal 0.2500 - Valid MAE 2.2447 - Thr 0.50 - EmptyThr 1.000
Epoch 82/100 - 11.011s - Loss -241669678474970624.000000 - ValidLoss -228903735194025984.000000 - Valid Acc 0.0957 - Valid Bal 0.2500 - Valid MAE 2.2447 - Thr 0.50 - EmptyThr 1.000
Epoch 83/100 - 9.874s - Loss -267919930856882496.000000 - ValidLoss -232070569200189440.000000 - Valid Acc 0.0957 - Valid Bal 0.2500 - Valid MAE 2.2447 - Thr 0.50 - EmptyThr 1.000
Epoch 84/100 - 10.138s - Loss -247970943464433632.000000 - ValidLoss -234928199920779264.000000 - Valid Acc 0.0957 - Valid Bal 0.2500 - Valid MAE 2.2447 - Thr 0.50 - EmptyThr 1.000
Epoch 85/100 - 9.902s - Loss -264018281763290208.000000 - ValidLoss -237952922049052672.000000 - Valid Acc 0.0957 - Valid Bal 0.2500 - Valid MAE 2.2447 - Thr 0.50 - EmptyThr 1.000
Epoch 86/100 - 10.064s - Loss -265623468177250048.000000 - ValidLoss -240981028611555328.000000 - Valid Acc 0.0957 - Valid Bal 0.2500 - Valid MAE 2.2447 - Thr 0.50 - EmptyThr 1.000
Epoch 87/100 - 9.891s - Loss -266194868591597600.000000 - ValidLoss -244076669239820288.000000 - Valid Acc 0.0957 - Valid Bal 0.2500 - Valid MAE 2.2447 - Thr 0.50 - EmptyThr 1.000
Epoch 88/100 - 9.932s - Loss -270022807818036576.000000 - ValidLoss -247123364420780032.000000 - Valid Acc 0.0957 - Valid Bal 0.2500 - Valid MAE 2.2447 - Thr 0.50 - EmptyThr 1.000
Epoch 89/100 - 9.870s - Loss -316395374623088768.000000 - ValidLoss -250528225514487808.000000 - Valid Acc 0.0957 - Valid Bal 0.2500 - Valid MAE 2.2447 - Thr 0.50 - EmptyThr 1.000
Epoch 90/100 - 10.076s - Loss -297221629929641088.000000 - ValidLoss -253830350990475264.000000 - Valid Acc 0.0957 - Valid Bal 0.2500 - Valid MAE 2.2447 - Thr 0.50 - EmptyThr 1.000
Epoch 91/100 - 9.729s - Loss -267276436380388992.000000 - ValidLoss -256882303211405312.000000 - Valid Acc 0.0957 - Valid Bal 0.2500 - Valid MAE 2.2447 - Thr 0.50 - EmptyThr 1.000
Epoch 92/100 - 9.828s - Loss -281519307285480352.000000 - ValidLoss -259995140888723456.000000 - Valid Acc 0.0957 - Valid Bal 0.2500 - Valid MAE 2.2447 - Thr 0.50 - EmptyThr 1.000
Epoch 93/100 - 9.859s - Loss -295545986735318080.000000 - ValidLoss -263169362238636032.000000 - Valid Acc 0.0957 - Valid Bal 0.2500 - Valid MAE 2.2447 - Thr 0.50 - EmptyThr 1.000
Epoch 94/100 - 9.937s - Loss -261047493526344832.000000 - ValidLoss -266068327724482560.000000 - Valid Acc 0.0957 - Valid Bal 0.2500 - Valid MAE 2.2447 - Thr 0.50 - EmptyThr 1.000
Epoch 95/100 - 9.869s - Loss -299741984941245056.000000 - ValidLoss -269404417801846784.000000 - Valid Acc 0.0957 - Valid Bal 0.2500 - Valid MAE 2.2447 - Thr 0.50 - EmptyThr 1.000
Epoch 96/100 - 9.795s - Loss -308002264007435008.000000 - ValidLoss -272797854282547200.000000 - Valid Acc 0.0957 - Valid Bal 0.2500 - Valid MAE 2.2447 - Thr 0.50 - EmptyThr 1.000
Epoch 97/100 - 9.801s - Loss -296108906769463168.000000 - ValidLoss -276108243275612160.000000 - Valid Acc 0.0957 - Valid Bal 0.2500 - Valid MAE 2.2447 - Thr 0.50 - EmptyThr 1.000
Epoch 98/100 - 10.016s - Loss -282013821236496512.000000 - ValidLoss -279258653326835712.000000 - Valid Acc 0.0957 - Valid Bal 0.2500 - Valid MAE 2.2447 - Thr 0.50 - EmptyThr 1.000
Epoch 99/100 - 9.922s - Loss -289494244375569472.000000 - ValidLoss -282393137639325696.000000 - Valid Acc 0.0957 - Valid Bal 0.2500 - Valid MAE 2.2447 - Thr 0.50 - EmptyThr 1.000
Epoch that the model was saved 22
Best smoothed balanced count accuracy: 0.485587, smoothed count MAE: 0.763463
  [classroom] COUNT Acc 0.1324 - Bal 0.2135 - MAE 2.1558 - Occ Acc 0.4823 - Occ F1 0.3155 (Thr 0.49, EmptyThr 0.106)
Repeat 3
Epoch 0/100 - 10.080s - Loss 0.291893 - ValidLoss 0.201544 - Valid Acc 0.2793 - Valid Bal 0.4185 - Valid MAE 0.9255 - Thr 0.47 - EmptyThr 0.295
Epoch 1/100 - 10.545s - Loss 0.174398 - ValidLoss 0.188847 - Valid Acc 0.2926 - Valid Bal 0.4106 - Valid MAE 1.1277 - Thr 0.40 - EmptyThr 0.197
Epoch 2/100 - 10.029s - Loss 0.170095 - ValidLoss 0.185089 - Valid Acc 0.3590 - Valid Bal 0.4494 - Valid MAE 0.9521 - Thr 0.42 - EmptyThr 0.194
Epoch 3/100 - 10.148s - Loss 0.164574 - ValidLoss 0.179484 - Valid Acc 0.2606 - Valid Bal 0.4168 - Valid MAE 0.9415 - Thr 0.46 - EmptyThr 0.155
Epoch 4/100 - 10.239s - Loss 0.164751 - ValidLoss 0.175588 - Valid Acc 0.2739 - Valid Bal 0.4038 - Valid MAE 0.9894 - Thr 0.43 - EmptyThr 0.092
Epoch 5/100 - 10.240s - Loss 0.158009 - ValidLoss 0.176347 - Valid Acc 0.2899 - Valid Bal 0.4446 - Valid MAE 0.8803 - Thr 0.59 - EmptyThr 0.164
Epoch 6/100 - 10.220s - Loss 0.157425 - ValidLoss 0.170633 - Valid Acc 0.3457 - Valid Bal 0.4354 - Valid MAE 1.1144 - Thr 0.31 - EmptyThr 0.154
Epoch 7/100 - 9.991s - Loss 0.158347 - ValidLoss 0.171556 - Valid Acc 0.2872 - Valid Bal 0.4305 - Valid MAE 0.9255 - Thr 0.43 - EmptyThr 0.128
Epoch 8/100 - 10.378s - Loss 0.155394 - ValidLoss 0.176008 - Valid Acc 0.3644 - Valid Bal 0.4965 - Valid MAE 0.7340 - Thr 0.59 - EmptyThr 0.174
Epoch 9/100 - 10.234s - Loss 0.157564 - ValidLoss 0.170517 - Valid Acc 0.3936 - Valid Bal 0.5293 - Valid MAE 0.6543 - Thr 0.47 - EmptyThr 0.125
Epoch 10/100 - 10.380s - Loss 0.156707 - ValidLoss 0.171655 - Valid Acc 0.3165 - Valid Bal 0.4730 - Valid MAE 0.8112 - Thr 0.59 - EmptyThr 0.139
Epoch 11/100 - 9.996s - Loss 0.156196 - ValidLoss 0.169594 - Valid Acc 0.3245 - Valid Bal 0.4782 - Valid MAE 0.7846 - Thr 0.46 - EmptyThr 0.145
Epoch 12/100 - 10.414s - Loss 0.156040 - ValidLoss 0.171945 - Valid Acc 0.3218 - Valid Bal 0.4456 - Valid MAE 0.8537 - Thr 0.44 - EmptyThr 0.150
Epoch 13/100 - 10.426s - Loss 0.155039 - ValidLoss 0.168954 - Valid Acc 0.3032 - Valid Bal 0.4529 - Valid MAE 0.7979 - Thr 0.46 - EmptyThr 0.105
Epoch 14/100 - 10.688s - Loss 0.154295 - ValidLoss 0.171411 - Valid Acc 0.2899 - Valid Bal 0.4471 - Valid MAE 0.8511 - Thr 0.52 - EmptyThr 0.155
Epoch 15/100 - 10.688s - Loss 0.155925 - ValidLoss 0.167623 - Valid Acc 0.3644 - Valid Bal 0.4745 - Valid MAE 0.8138 - Thr 0.36 - EmptyThr 0.136
Epoch 16/100 - 10.926s - Loss 0.154703 - ValidLoss 0.167878 - Valid Acc 0.3644 - Valid Bal 0.5012 - Valid MAE 0.7340 - Thr 0.39 - EmptyThr 0.104
Epoch 17/100 - 10.317s - Loss 0.154613 - ValidLoss 0.169699 - Valid Acc 0.3218 - Valid Bal 0.4732 - Valid MAE 0.8085 - Thr 0.53 - EmptyThr 0.120
Epoch 18/100 - 10.307s - Loss 0.153097 - ValidLoss 0.167646 - Valid Acc 0.3298 - Valid Bal 0.4704 - Valid MAE 0.7660 - Thr 0.43 - EmptyThr 0.111
Epoch 19/100 - 9.982s - Loss 0.153215 - ValidLoss 0.167011 - Valid Acc 0.3564 - Valid Bal 0.5046 - Valid MAE 0.7500 - Thr 0.67 - EmptyThr 0.116
Epoch 20/100 - 9.861s - Loss 0.153166 - ValidLoss 0.168253 - Valid Acc 0.3590 - Valid Bal 0.4940 - Valid MAE 0.7074 - Thr 0.45 - EmptyThr 0.136
Epoch 21/100 - 9.618s - Loss 0.153655 - ValidLoss 0.167756 - Valid Acc 0.3245 - Valid Bal 0.4804 - Valid MAE 0.8165 - Thr 0.47 - EmptyThr 0.076
Epoch 22/100 - 9.827s - Loss 0.153522 - ValidLoss 0.168410 - Valid Acc 0.3617 - Valid Bal 0.5132 - Valid MAE 0.7686 - Thr 0.64 - EmptyThr 0.121
Epoch 23/100 - 9.510s - Loss 0.152387 - ValidLoss 0.166657 - Valid Acc 0.3777 - Valid Bal 0.5262 - Valid MAE 0.6809 - Thr 0.58 - EmptyThr 0.111
Epoch 24/100 - 9.757s - Loss 0.152722 - ValidLoss 0.166467 - Valid Acc 0.3245 - Valid Bal 0.4807 - Valid MAE 0.8032 - Thr 0.50 - EmptyThr 0.115
Epoch 25/100 - 9.535s - Loss 0.152760 - ValidLoss 0.165990 - Valid Acc 0.4016 - Valid Bal 0.5222 - Valid MAE 0.6489 - Thr 0.55 - EmptyThr 0.116
Epoch 26/100 - 9.822s - Loss 0.148717 - ValidLoss 0.162710 - Valid Acc 0.3856 - Valid Bal 0.5385 - Valid MAE 0.6543 - Thr 0.61 - EmptyThr 0.095
Epoch 27/100 - 9.781s - Loss -889.508130 - ValidLoss -14673.014648 - Valid Acc 0.2739 - Valid Bal 0.2845 - Valid MAE 1.0771 - Thr 0.32 - EmptyThr 1.000
Epoch 28/100 - 10.269s - Loss -83197882.256162 - ValidLoss -622483584.000000 - Valid Acc 0.1622 - Valid Bal 0.2500 - Valid MAE 1.7553 - Thr 0.50 - EmptyThr 1.000
Epoch 29/100 - 10.091s - Loss -18681109824.318398 - ValidLoss -68814127104.000000 - Valid Acc 0.2287 - Valid Bal 0.2500 - Valid MAE 1.1170 - Thr 0.50 - EmptyThr 1.000
Epoch 30/100 - 10.329s - Loss -196602020915.320740 - ValidLoss -914060083200.000000 - Valid Acc 0.1622 - Valid Bal 0.2500 - Valid MAE 1.6090 - Thr 0.50 - EmptyThr 1.000
Epoch 31/100 - 9.796s - Loss -1637434652597.132080 - ValidLoss -2371944972288.000000 - Valid Acc 0.1622 - Valid Bal 0.2500 - Valid MAE 1.6064 - Thr 0.50 - EmptyThr 1.000
Epoch 32/100 - 10.237s - Loss -5477853396849.509766 - ValidLoss -8480860143616.000000 - Valid Acc 0.1622 - Valid Bal 0.2500 - Valid MAE 1.6064 - Thr 0.50 - EmptyThr 1.000
Epoch 33/100 - 10.034s - Loss -17764243899358.187500 - ValidLoss -25632127844352.000000 - Valid Acc 0.1622 - Valid Bal 0.2500 - Valid MAE 1.6064 - Thr 0.50 - EmptyThr 1.000
Epoch 34/100 - 10.383s - Loss -45446587793504.601562 - ValidLoss -62958998650880.000000 - Valid Acc 0.1622 - Valid Bal 0.2500 - Valid MAE 1.6064 - Thr 0.50 - EmptyThr 1.000
Epoch 35/100 - 9.865s - Loss -110198679018785.812500 - ValidLoss -140035219259392.000000 - Valid Acc 0.1622 - Valid Bal 0.2500 - Valid MAE 1.6064 - Thr 0.50 - EmptyThr 1.000
Epoch 36/100 - 10.182s - Loss -202959300878645.125000 - ValidLoss -264022846865408.000000 - Valid Acc 0.1622 - Valid Bal 0.2500 - Valid MAE 1.6064 - Thr 0.50 - EmptyThr 1.000
Epoch 37/100 - 10.014s - Loss -309420239878028.062500 - ValidLoss -403914427990016.000000 - Valid Acc 0.1622 - Valid Bal 0.2500 - Valid MAE 1.6064 - Thr 0.50 - EmptyThr 1.000
Epoch 38/100 - 10.326s - Loss -555764773180551.250000 - ValidLoss -620198444924928.000000 - Valid Acc 0.1622 - Valid Bal 0.2500 - Valid MAE 1.6064 - Thr 0.50 - EmptyThr 1.000
Epoch 39/100 - 9.961s - Loss -888622150197402.625000 - ValidLoss -934200014274560.000000 - Valid Acc 0.1622 - Valid Bal 0.2500 - Valid MAE 1.6064 - Thr 0.50 - EmptyThr 1.000
Epoch 40/100 - 10.141s - Loss -1475100514090389.750000 - ValidLoss -1414561169145856.000000 - Valid Acc 0.1622 - Valid Bal 0.2500 - Valid MAE 1.6064 - Thr 0.50 - EmptyThr 1.000
Epoch 41/100 - 10.077s - Loss -1957331672475300.250000 - ValidLoss -1989137062166528.000000 - Valid Acc 0.1622 - Valid Bal 0.2500 - Valid MAE 1.6064 - Thr 0.50 - EmptyThr 1.000
Epoch 42/100 - 10.110s - Loss -2585265501705042.000000 - ValidLoss -2714661459853312.000000 - Valid Acc 0.1622 - Valid Bal 0.2500 - Valid MAE 1.6064 - Thr 0.50 - EmptyThr 1.000
Epoch 43/100 - 10.296s - Loss -3540328770228765.000000 - ValidLoss -3608857276317696.000000 - Valid Acc 0.1622 - Valid Bal 0.2500 - Valid MAE 1.6064 - Thr 0.50 - EmptyThr 1.000
Epoch 44/100 - 9.955s - Loss -4616254835936584.000000 - ValidLoss -4698677041954816.000000 - Valid Acc 0.1622 - Valid Bal 0.2500 - Valid MAE 1.6064 - Thr 0.50 - EmptyThr 1.000
Epoch 45/100 - 10.935s - Loss -6281862254383645.000000 - ValidLoss -6007872194347008.000000 - Valid Acc 0.1622 - Valid Bal 0.2500 - Valid MAE 1.6064 - Thr 0.50 - EmptyThr 1.000
Epoch 46/100 - 10.371s - Loss -6684897478902997.000000 - ValidLoss -7335137884766208.000000 - Valid Acc 0.1622 - Valid Bal 0.2500 - Valid MAE 1.6064 - Thr 0.50 - EmptyThr 1.000
Epoch 47/100 - 10.411s - Loss -9403748868900980.000000 - ValidLoss -8995426212511744.000000 - Valid Acc 0.1622 - Valid Bal 0.2500 - Valid MAE 1.6064 - Thr 0.50 - EmptyThr 1.000
Epoch 48/100 - 10.249s - Loss -11484492206190670.000000 - ValidLoss -10923991619338240.000000 - Valid Acc 0.1622 - Valid Bal 0.2500 - Valid MAE 1.6064 - Thr 0.50 - EmptyThr 1.000
Epoch 49/100 - 10.122s - Loss -12385160155442040.000000 - ValidLoss -12827914114433024.000000 - Valid Acc 0.1622 - Valid Bal 0.2500 - Valid MAE 1.6064 - Thr 0.50 - EmptyThr 1.000
Epoch 50/100 - 10.466s - Loss -15563662261856526.000000 - ValidLoss -15017018143014912.000000 - Valid Acc 0.1622 - Valid Bal 0.2500 - Valid MAE 1.6064 - Thr 0.50 - EmptyThr 1.000
Epoch 51/100 - 10.299s - Loss -18544926343234772.000000 - ValidLoss -17498520323883008.000000 - Valid Acc 0.1622 - Valid Bal 0.2500 - Valid MAE 1.6064 - Thr 0.50 - EmptyThr 1.000
Epoch 52/100 - 10.365s - Loss -20398786381299404.000000 - ValidLoss -20019892686159872.000000 - Valid Acc 0.1622 - Valid Bal 0.2500 - Valid MAE 1.6064 - Thr 0.50 - EmptyThr 1.000
Epoch 53/100 - 10.158s - Loss -23849370307867936.000000 - ValidLoss -22798878260592640.000000 - Valid Acc 0.1622 - Valid Bal 0.2500 - Valid MAE 1.6064 - Thr 0.50 - EmptyThr 1.000
Epoch 54/100 - 10.448s - Loss -27445305669958752.000000 - ValidLoss -25735562149232640.000000 - Valid Acc 0.1622 - Valid Bal 0.2500 - Valid MAE 1.6064 - Thr 0.50 - EmptyThr 1.000
Epoch 55/100 - 10.350s - Loss -30273580487251388.000000 - ValidLoss -28686801682038784.000000 - Valid Acc 0.1622 - Valid Bal 0.2500 - Valid MAE 1.6064 - Thr 0.50 - EmptyThr 1.000
Epoch 56/100 - 10.169s - Loss -34195406205381188.000000 - ValidLoss -31868605796712448.000000 - Valid Acc 0.1622 - Valid Bal 0.2500 - Valid MAE 1.6064 - Thr 0.50 - EmptyThr 1.000
Epoch 57/100 - 10.058s - Loss -38278145912790576.000000 - ValidLoss -35186008471371776.000000 - Valid Acc 0.1622 - Valid Bal 0.2500 - Valid MAE 1.6064 - Thr 0.50 - EmptyThr 1.000
Epoch 58/100 - 10.148s - Loss -46122532173453352.000000 - ValidLoss -38697208660361216.000000 - Valid Acc 0.1622 - Valid Bal 0.2500 - Valid MAE 1.6064 - Thr 0.50 - EmptyThr 1.000
Epoch 59/100 - 10.299s - Loss -42725163398604456.000000 - ValidLoss -41931718466207744.000000 - Valid Acc 0.1622 - Valid Bal 0.2500 - Valid MAE 1.6064 - Thr 0.50 - EmptyThr 1.000
Epoch 60/100 - 10.220s - Loss -43309932484013536.000000 - ValidLoss -44912125121921024.000000 - Valid Acc 0.1622 - Valid Bal 0.2500 - Valid MAE 1.6064 - Thr 0.50 - EmptyThr 1.000
Epoch 61/100 - 10.107s - Loss -46258595176703960.000000 - ValidLoss -47894855354941440.000000 - Valid Acc 0.1622 - Valid Bal 0.2500 - Valid MAE 1.6064 - Thr 0.50 - EmptyThr 1.000
Epoch 62/100 - 10.443s - Loss -57437040514848496.000000 - ValidLoss -51334595878060032.000000 - Valid Acc 0.1622 - Valid Bal 0.2500 - Valid MAE 1.6064 - Thr 0.50 - EmptyThr 1.000
Epoch 63/100 - 10.381s - Loss -60701970730146760.000000 - ValidLoss -54665308656369664.000000 - Valid Acc 0.1622 - Valid Bal 0.2500 - Valid MAE 1.6064 - Thr 0.50 - EmptyThr 1.000
Epoch 64/100 - 10.263s - Loss -55716734843352664.000000 - ValidLoss -57566859712528384.000000 - Valid Acc 0.1622 - Valid Bal 0.2500 - Valid MAE 1.6064 - Thr 0.50 - EmptyThr 1.000
Epoch 65/100 - 10.133s - Loss -64485812820004168.000000 - ValidLoss -60754816367853568.000000 - Valid Acc 0.2340 - Valid Bal 0.2534 - Valid MAE 1.7340 - Thr 0.50 - EmptyThr 1.000
Epoch 66/100 - 10.362s - Loss -71991482736230712.000000 - ValidLoss -63864587438522368.000000 - Valid Acc 0.2447 - Valid Bal 0.2500 - Valid MAE 1.7660 - Thr 0.50 - EmptyThr 1.000
Epoch 67/100 - 10.344s - Loss -72788698407553760.000000 - ValidLoss -66892273094230016.000000 - Valid Acc 0.2447 - Valid Bal 0.2500 - Valid MAE 1.7660 - Thr 0.50 - EmptyThr 1.000
Epoch 68/100 - 10.537s - Loss -76544792604551440.000000 - ValidLoss -69789739636490240.000000 - Valid Acc 0.2447 - Valid Bal 0.2500 - Valid MAE 1.7660 - Thr 0.50 - EmptyThr 1.000
Epoch 69/100 - 10.248s - Loss -81410981811513312.000000 - ValidLoss -72704167004602368.000000 - Valid Acc 0.2447 - Valid Bal 0.2500 - Valid MAE 1.7660 - Thr 0.50 - EmptyThr 1.000
Epoch 70/100 - 10.057s - Loss -89940763821721104.000000 - ValidLoss -75572956050227200.000000 - Valid Acc 0.2447 - Valid Bal 0.2500 - Valid MAE 1.7660 - Thr 0.50 - EmptyThr 1.000
Epoch 71/100 - 10.081s - Loss -87360352535776896.000000 - ValidLoss -78068409358614528.000000 - Valid Acc 0.2447 - Valid Bal 0.2500 - Valid MAE 1.7660 - Thr 0.50 - EmptyThr 1.000
Epoch 72/100 - 10.304s - Loss -89566827819990416.000000 - ValidLoss -80529279590334464.000000 - Valid Acc 0.2447 - Valid Bal 0.2500 - Valid MAE 1.7660 - Thr 0.50 - EmptyThr 1.000
Epoch 73/100 - 10.086s - Loss -94246894623532704.000000 - ValidLoss -82833306206339072.000000 - Valid Acc 0.2447 - Valid Bal 0.2500 - Valid MAE 1.7660 - Thr 0.50 - EmptyThr 1.000
Epoch 74/100 - 10.144s - Loss -92429799188045664.000000 - ValidLoss -84930246679199744.000000 - Valid Acc 0.2447 - Valid Bal 0.2500 - Valid MAE 1.7660 - Thr 0.50 - EmptyThr 1.000
Epoch 75/100 - 10.106s - Loss -88273322621534208.000000 - ValidLoss -86806374293438464.000000 - Valid Acc 0.2447 - Valid Bal 0.2500 - Valid MAE 1.7660 - Thr 0.50 - EmptyThr 1.000
Epoch 76/100 - 10.379s - Loss -99502515682101360.000000 - ValidLoss -88699183560654848.000000 - Valid Acc 0.2447 - Valid Bal 0.2500 - Valid MAE 1.7660 - Thr 0.50 - EmptyThr 1.000
Epoch 77/100 - 10.651s - Loss -103235380900384688.000000 - ValidLoss -90498439850229760.000000 - Valid Acc 0.2447 - Valid Bal 0.2500 - Valid MAE 1.7660 - Thr 0.50 - EmptyThr 1.000
Epoch 78/100 - 10.827s - Loss -91187997536024144.000000 - ValidLoss -91933611762122752.000000 - Valid Acc 0.2447 - Valid Bal 0.2500 - Valid MAE 1.7660 - Thr 0.50 - EmptyThr 1.000
Epoch 79/100 - 11.253s - Loss -103412088934483472.000000 - ValidLoss -93380715093164032.000000 - Valid Acc 0.2447 - Valid Bal 0.2500 - Valid MAE 1.7660 - Thr 0.50 - EmptyThr 1.000
Epoch 80/100 - 11.319s - Loss -106095487430644256.000000 - ValidLoss -94830361044844544.000000 - Valid Acc 0.2447 - Valid Bal 0.2500 - Valid MAE 1.7660 - Thr 0.50 - EmptyThr 1.000
Epoch 81/100 - 11.558s - Loss -106978932593979776.000000 - ValidLoss -96250114024144896.000000 - Valid Acc 0.2447 - Valid Bal 0.2500 - Valid MAE 1.7660 - Thr 0.50 - EmptyThr 1.000
Epoch 82/100 - 11.181s - Loss -110438184662276128.000000 - ValidLoss -97773023527960576.000000 - Valid Acc 0.2447 - Valid Bal 0.2500 - Valid MAE 1.7660 - Thr 0.50 - EmptyThr 1.000
Epoch 83/100 - 11.510s - Loss -118902743923801184.000000 - ValidLoss -99271735186030592.000000 - Valid Acc 0.2447 - Valid Bal 0.2500 - Valid MAE 1.7660 - Thr 0.50 - EmptyThr 1.000
Epoch 84/100 - 11.379s - Loss -118510082173752448.000000 - ValidLoss -100852334690566144.000000 - Valid Acc 0.2447 - Valid Bal 0.2500 - Valid MAE 1.7660 - Thr 0.50 - EmptyThr 1.000
Epoch 85/100 - 11.518s - Loss -122903608856768288.000000 - ValidLoss -102452476296298496.000000 - Valid Acc 0.2447 - Valid Bal 0.2500 - Valid MAE 1.7660 - Thr 0.50 - EmptyThr 1.000
Epoch 86/100 - 11.111s - Loss -106291623650265520.000000 - ValidLoss -103795589879169024.000000 - Valid Acc 0.2447 - Valid Bal 0.2500 - Valid MAE 1.7660 - Thr 0.50 - EmptyThr 1.000
Epoch 87/100 - 11.363s - Loss -110313392204870016.000000 - ValidLoss -105199185191501824.000000 - Valid Acc 0.2447 - Valid Bal 0.2500 - Valid MAE 1.7660 - Thr 0.50 - EmptyThr 1.000
Epoch 88/100 - 11.339s - Loss -108354191799313776.000000 - ValidLoss -106542522112671744.000000 - Valid Acc 0.2447 - Valid Bal 0.2500 - Valid MAE 1.7660 - Thr 0.50 - EmptyThr 1.000
Epoch 89/100 - 11.293s - Loss -132778656265082912.000000 - ValidLoss -108218641689870336.000000 - Valid Acc 0.2447 - Valid Bal 0.2500 - Valid MAE 1.7660 - Thr 0.50 - EmptyThr 1.000
Epoch 90/100 - 11.203s - Loss -112956726324711968.000000 - ValidLoss -109597558120120320.000000 - Valid Acc 0.2447 - Valid Bal 0.2500 - Valid MAE 1.7660 - Thr 0.50 - EmptyThr 1.000
Epoch 91/100 - 11.320s - Loss -114944371886638608.000000 - ValidLoss -111070087657553920.000000 - Valid Acc 0.2447 - Valid Bal 0.2500 - Valid MAE 1.7660 - Thr 0.50 - EmptyThr 1.000
Epoch 92/100 - 11.322s - Loss -125766999284720080.000000 - ValidLoss -112626016869941248.000000 - Valid Acc 0.2447 - Valid Bal 0.2500 - Valid MAE 1.7660 - Thr 0.50 - EmptyThr 1.000
Epoch 93/100 - 11.203s - Loss -125801590054294976.000000 - ValidLoss -114224818445877248.000000 - Valid Acc 0.2447 - Valid Bal 0.2500 - Valid MAE 1.7660 - Thr 0.50 - EmptyThr 1.000
Epoch 94/100 - 11.294s - Loss -125991292780858080.000000 - ValidLoss -115797755728756736.000000 - Valid Acc 0.2447 - Valid Bal 0.2500 - Valid MAE 1.7660 - Thr 0.50 - EmptyThr 1.000
Epoch 95/100 - 11.483s - Loss -132535715762689776.000000 - ValidLoss -117433511203307520.000000 - Valid Acc 0.2447 - Valid Bal 0.2500 - Valid MAE 1.7660 - Thr 0.50 - EmptyThr 1.000
Epoch 96/100 - 11.364s - Loss -134591841442552768.000000 - ValidLoss -119104390920404992.000000 - Valid Acc 0.2447 - Valid Bal 0.2500 - Valid MAE 1.7660 - Thr 0.50 - EmptyThr 1.000
Epoch 97/100 - 11.341s - Loss -146406756442924384.000000 - ValidLoss -120863154258313216.000000 - Valid Acc 0.2447 - Valid Bal 0.2500 - Valid MAE 1.7660 - Thr 0.50 - EmptyThr 1.000
Epoch 98/100 - 11.209s - Loss -142843355815071664.000000 - ValidLoss -122552218866941952.000000 - Valid Acc 0.2447 - Valid Bal 0.2500 - Valid MAE 1.7660 - Thr 0.50 - EmptyThr 1.000
Epoch 99/100 - 11.451s - Loss -131044571171723296.000000 - ValidLoss -124172031422889984.000000 - Valid Acc 0.2447 - Valid Bal 0.2500 - Valid MAE 1.7660 - Thr 0.50 - EmptyThr 1.000
Epoch that the model was saved 26
Best smoothed balanced count accuracy: 0.514362, smoothed count MAE: 0.706238
  [classroom] COUNT Acc 0.0819 - Bal 0.1860 - MAE 2.4609 - Occ Acc 0.4653 - Occ F1 0.1869 (Thr 0.61, EmptyThr 0.095)
Repeat 4
Epoch 0/100 - 12.196s - Loss 0.299443 - ValidLoss 0.198689 - Valid Acc 0.2952 - Valid Bal 0.4301 - Valid MAE 0.8617 - Thr 0.46 - EmptyThr 0.209
Epoch 1/100 - 11.207s - Loss 0.175091 - ValidLoss 0.187763 - Valid Acc 0.2580 - Valid Bal 0.4148 - Valid MAE 0.9362 - Thr 0.46 - EmptyThr 0.109
Epoch 2/100 - 11.111s - Loss 0.171692 - ValidLoss 0.187815 - Valid Acc 0.3644 - Valid Bal 0.4470 - Valid MAE 0.9707 - Thr 0.40 - EmptyThr 0.203
Epoch 3/100 - 11.010s - Loss 0.167697 - ValidLoss 0.183583 - Valid Acc 0.3165 - Valid Bal 0.4256 - Valid MAE 1.1436 - Thr 0.37 - EmptyThr 0.198
Epoch 4/100 - 11.488s - Loss 0.161349 - ValidLoss 0.176242 - Valid Acc 0.3245 - Valid Bal 0.4455 - Valid MAE 0.8537 - Thr 0.43 - EmptyThr 0.186
Epoch 5/100 - 11.307s - Loss 0.158286 - ValidLoss 0.173467 - Valid Acc 0.2952 - Valid Bal 0.4465 - Valid MAE 0.8750 - Thr 0.62 - EmptyThr 0.156
Epoch 6/100 - 11.434s - Loss 0.156031 - ValidLoss 0.173468 - Valid Acc 0.3404 - Valid Bal 0.4356 - Valid MAE 0.9681 - Thr 0.33 - EmptyThr 0.141
Epoch 7/100 - 11.137s - Loss 0.158300 - ValidLoss 0.178943 - Valid Acc 0.3457 - Valid Bal 0.4934 - Valid MAE 0.8803 - Thr 0.73 - EmptyThr 0.137
Epoch 8/100 - 11.601s - Loss 0.158085 - ValidLoss 0.172609 - Valid Acc 0.3298 - Valid Bal 0.4761 - Valid MAE 0.7713 - Thr 0.44 - EmptyThr 0.146
Epoch 9/100 - 11.292s - Loss 0.157391 - ValidLoss 0.170626 - Valid Acc 0.2979 - Valid Bal 0.4566 - Valid MAE 0.7739 - Thr 0.54 - EmptyThr 0.142
Epoch 10/100 - 11.416s - Loss 0.156115 - ValidLoss 0.167745 - Valid Acc 0.3218 - Valid Bal 0.4848 - Valid MAE 0.7473 - Thr 0.43 - EmptyThr 0.125
Epoch 11/100 - 11.142s - Loss 0.157974 - ValidLoss 0.174257 - Valid Acc 0.3777 - Valid Bal 0.4943 - Valid MAE 0.6995 - Thr 0.51 - EmptyThr 0.151
Epoch 12/100 - 11.660s - Loss 0.153891 - ValidLoss 0.163193 - Valid Acc 0.4202 - Valid Bal 0.5040 - Valid MAE 0.6915 - Thr 0.43 - EmptyThr 0.180
Epoch 13/100 - 11.433s - Loss -21342.881302 - ValidLoss -291367.718750 - Valid Acc 0.0984 - Valid Bal 0.2529 - Valid MAE 2.2314 - Thr 0.50 - EmptyThr 1.000
Epoch 14/100 - 11.474s - Loss -166357248.993102 - ValidLoss -1350029440.000000 - Valid Acc 0.3936 - Valid Bal 0.2500 - Valid MAE 1.3644 - Thr 0.50 - EmptyThr 1.000
Epoch 15/100 - 11.155s - Loss -23136825941.716980 - ValidLoss -95157993472.000000 - Valid Acc 0.2447 - Valid Bal 0.2500 - Valid MAE 1.8404 - Thr 0.50 - EmptyThr 1.000
Epoch 16/100 - 11.571s - Loss -616238768060.226440 - ValidLoss -1476866211840.000000 - Valid Acc 0.2447 - Valid Bal 0.2500 - Valid MAE 1.7660 - Thr 0.50 - EmptyThr 1.000
Epoch 17/100 - 11.387s - Loss -4634972571826.113281 - ValidLoss -8632377802752.000000 - Valid Acc 0.3245 - Valid Bal 0.2500 - Valid MAE 1.1968 - Thr 0.50 - EmptyThr 1.000
Epoch 18/100 - 11.354s - Loss -21088806806537.660156 - ValidLoss -34203638956032.000000 - Valid Acc 0.3936 - Valid Bal 0.2500 - Valid MAE 1.3617 - Thr 0.50 - EmptyThr 1.000
Epoch 19/100 - 11.180s - Loss -70215800252227.625000 - ValidLoss -100132808818688.000000 - Valid Acc 0.3112 - Valid Bal 0.2500 - Valid MAE 1.2021 - Thr 0.50 - EmptyThr 1.000
Epoch 20/100 - 11.536s - Loss -178090980166791.250000 - ValidLoss -234891157438464.000000 - Valid Acc 0.1622 - Valid Bal 0.2500 - Valid MAE 1.6064 - Thr 0.50 - EmptyThr 1.000
Epoch 21/100 - 11.424s - Loss -365639748839965.000000 - ValidLoss -477132346097664.000000 - Valid Acc 0.3112 - Valid Bal 0.2500 - Valid MAE 1.2021 - Thr 0.50 - EmptyThr 1.000
Epoch 22/100 - 11.373s - Loss -749523950987070.750000 - ValidLoss -913592761188352.000000 - Valid Acc 0.2447 - Valid Bal 0.2500 - Valid MAE 1.7660 - Thr 0.50 - EmptyThr 1.000
Epoch 23/100 - 11.230s - Loss -1354242142713276.500000 - ValidLoss -1561762314846208.000000 - Valid Acc 0.2447 - Valid Bal 0.2500 - Valid MAE 1.7660 - Thr 0.50 - EmptyThr 1.000
Epoch 24/100 - 11.532s - Loss -2021849232124329.000000 - ValidLoss -2364285007167488.000000 - Valid Acc 0.2447 - Valid Bal 0.2500 - Valid MAE 1.7660 - Thr 0.50 - EmptyThr 1.000
Epoch 25/100 - 11.446s - Loss -3421630823850757.000000 - ValidLoss -3750416445603840.000000 - Valid Acc 0.2447 - Valid Bal 0.2500 - Valid MAE 1.7660 - Thr 0.50 - EmptyThr 1.000
Epoch 26/100 - 11.357s - Loss -5467607212261376.000000 - ValidLoss -5596775641513984.000000 - Valid Acc 0.2447 - Valid Bal 0.2500 - Valid MAE 1.7660 - Thr 0.50 - EmptyThr 1.000
Epoch 27/100 - 11.174s - Loss -7308665358401227.000000 - ValidLoss -7727610922532864.000000 - Valid Acc 0.2447 - Valid Bal 0.2500 - Valid MAE 1.7660 - Thr 0.50 - EmptyThr 1.000
Epoch 28/100 - 11.570s - Loss -10326691837565276.000000 - ValidLoss -10555366387482624.000000 - Valid Acc 0.2447 - Valid Bal 0.2500 - Valid MAE 1.7660 - Thr 0.50 - EmptyThr 1.000
Epoch 29/100 - 11.357s - Loss -12878207588236694.000000 - ValidLoss -13741002686726144.000000 - Valid Acc 0.2447 - Valid Bal 0.2500 - Valid MAE 1.7660 - Thr 0.50 - EmptyThr 1.000
Epoch 30/100 - 11.411s - Loss -15816917898260248.000000 - ValidLoss -17598035789873152.000000 - Valid Acc 0.0957 - Valid Bal 0.2500 - Valid MAE 2.2447 - Thr 0.50 - EmptyThr 1.000
Epoch 31/100 - 11.204s - Loss -22276421110473168.000000 - ValidLoss -22589908774289408.000000 - Valid Acc 0.0957 - Valid Bal 0.2500 - Valid MAE 2.2447 - Thr 0.50 - EmptyThr 1.000
Epoch 32/100 - 11.562s - Loss -29274721396147104.000000 - ValidLoss -28644169836658688.000000 - Valid Acc 0.0957 - Valid Bal 0.2500 - Valid MAE 2.2447 - Thr 0.50 - EmptyThr 1.000
Epoch 33/100 - 11.409s - Loss -38846033152110976.000000 - ValidLoss -36010837613215744.000000 - Valid Acc 0.0957 - Valid Bal 0.2500 - Valid MAE 2.2447 - Thr 0.50 - EmptyThr 1.000
Epoch 34/100 - 11.333s - Loss -44795334170956936.000000 - ValidLoss -43739191028219904.000000 - Valid Acc 0.0957 - Valid Bal 0.2500 - Valid MAE 2.2447 - Thr 0.50 - EmptyThr 1.000
Epoch 35/100 - 11.251s - Loss -53123579878364296.000000 - ValidLoss -52608019321585664.000000 - Valid Acc 0.2447 - Valid Bal 0.2500 - Valid MAE 1.8404 - Thr 0.50 - EmptyThr 1.000
Epoch 36/100 - 11.510s - Loss -57013324975805888.000000 - ValidLoss -61430985954164736.000000 - Valid Acc 0.2447 - Valid Bal 0.2500 - Valid MAE 1.8404 - Thr 0.50 - EmptyThr 1.000
Epoch 37/100 - 11.436s - Loss -77473962627946848.000000 - ValidLoss -72998655732219904.000000 - Valid Acc 0.2447 - Valid Bal 0.2500 - Valid MAE 1.8404 - Thr 0.50 - EmptyThr 1.000
Epoch 38/100 - 11.309s - Loss -93652260945366032.000000 - ValidLoss -85790975305187328.000000 - Valid Acc 0.2447 - Valid Bal 0.2500 - Valid MAE 1.8404 - Thr 0.50 - EmptyThr 1.000
Epoch 39/100 - 11.160s - Loss -118179517413052336.000000 - ValidLoss -100952596407123968.000000 - Valid Acc 0.2447 - Valid Bal 0.2500 - Valid MAE 1.8404 - Thr 0.50 - EmptyThr 1.000
Epoch 40/100 - 11.635s - Loss -113414118180725200.000000 - ValidLoss -114943452373843968.000000 - Valid Acc 0.2447 - Valid Bal 0.2500 - Valid MAE 1.8404 - Thr 0.50 - EmptyThr 1.000
Epoch 41/100 - 11.472s - Loss -142784402780917376.000000 - ValidLoss -131379192704008192.000000 - Valid Acc 0.0957 - Valid Bal 0.2500 - Valid MAE 2.2447 - Thr 0.50 - EmptyThr 1.000
Epoch 42/100 - 11.411s - Loss -150165072770637056.000000 - ValidLoss -148107257098272768.000000 - Valid Acc 0.2447 - Valid Bal 0.2500 - Valid MAE 1.8404 - Thr 0.50 - EmptyThr 1.000
Epoch 43/100 - 11.168s - Loss -185386874600517408.000000 - ValidLoss -166563745181466624.000000 - Valid Acc 0.2447 - Valid Bal 0.2500 - Valid MAE 1.8404 - Thr 0.50 - EmptyThr 1.000
Epoch 44/100 - 11.637s - Loss -198574076903357216.000000 - ValidLoss -186068136565407744.000000 - Valid Acc 0.1064 - Valid Bal 0.2556 - Valid MAE 2.2314 - Thr 0.50 - EmptyThr 1.000
Epoch 45/100 - 11.371s - Loss -226340237891669632.000000 - ValidLoss -206313409807908864.000000 - Valid Acc 0.2447 - Valid Bal 0.2500 - Valid MAE 1.8404 - Thr 0.50 - EmptyThr 1.000
Epoch 46/100 - 11.580s - Loss -242727626597520512.000000 - ValidLoss -226714985500246016.000000 - Valid Acc 0.2447 - Valid Bal 0.2500 - Valid MAE 1.8404 - Thr 0.50 - EmptyThr 1.000
Epoch 47/100 - 11.293s - Loss -265330311173500064.000000 - ValidLoss -248505519256371200.000000 - Valid Acc 0.2447 - Valid Bal 0.2500 - Valid MAE 1.8404 - Thr 0.50 - EmptyThr 1.000
Epoch 48/100 - 11.573s - Loss -284344224605541216.000000 - ValidLoss -270549541982306304.000000 - Valid Acc 0.2447 - Valid Bal 0.2500 - Valid MAE 1.8404 - Thr 0.50 - EmptyThr 1.000
Epoch 49/100 - 11.397s - Loss -313216268873454080.000000 - ValidLoss -294077922585608192.000000 - Valid Acc 0.2447 - Valid Bal 0.2500 - Valid MAE 1.8404 - Thr 0.50 - EmptyThr 1.000
Epoch 50/100 - 11.276s - Loss -341202868066142336.000000 - ValidLoss -317649871337160704.000000 - Valid Acc 0.2447 - Valid Bal 0.2500 - Valid MAE 1.8404 - Thr 0.50 - EmptyThr 1.000
Epoch 51/100 - 11.252s - Loss -377734874309788864.000000 - ValidLoss -341588816454221824.000000 - Valid Acc 0.2447 - Valid Bal 0.2500 - Valid MAE 1.8404 - Thr 0.50 - EmptyThr 1.000
Epoch 52/100 - 11.540s - Loss -385532508948304128.000000 - ValidLoss -365140218082230272.000000 - Valid Acc 0.2447 - Valid Bal 0.2500 - Valid MAE 1.8404 - Thr 0.50 - EmptyThr 1.000
Epoch 53/100 - 11.358s - Loss -413725258455696896.000000 - ValidLoss -389271199777030144.000000 - Valid Acc 0.2447 - Valid Bal 0.2500 - Valid MAE 1.8404 - Thr 0.50 - EmptyThr 1.000
Epoch 54/100 - 11.350s - Loss -479601193916088640.000000 - ValidLoss -415687344591470592.000000 - Valid Acc 0.2447 - Valid Bal 0.2500 - Valid MAE 1.8404 - Thr 0.50 - EmptyThr 1.000
Epoch 55/100 - 11.236s - Loss -489999988803873024.000000 - ValidLoss -441048130041937920.000000 - Valid Acc 0.2447 - Valid Bal 0.2500 - Valid MAE 1.8404 - Thr 0.50 - EmptyThr 1.000
Epoch 56/100 - 11.645s - Loss -452382674791061248.000000 - ValidLoss -463382990773288960.000000 - Valid Acc 0.2447 - Valid Bal 0.2500 - Valid MAE 1.8404 - Thr 0.50 - EmptyThr 1.000
Epoch 57/100 - 11.361s - Loss -558478204214107712.000000 - ValidLoss -490195818767187968.000000 - Valid Acc 0.2447 - Valid Bal 0.2500 - Valid MAE 1.8404 - Thr 0.50 - EmptyThr 1.000
Epoch 58/100 - 11.357s - Loss -495551273182716032.000000 - ValidLoss -512380905398992896.000000 - Valid Acc 0.2447 - Valid Bal 0.2500 - Valid MAE 1.8404 - Thr 0.50 - EmptyThr 1.000
Epoch 59/100 - 11.260s - Loss -580053078405135488.000000 - ValidLoss -536367816710815744.000000 - Valid Acc 0.2447 - Valid Bal 0.2500 - Valid MAE 1.8404 - Thr 0.50 - EmptyThr 1.000
Epoch 60/100 - 11.630s - Loss -547271849863802048.000000 - ValidLoss -558367154597003264.000000 - Valid Acc 0.2447 - Valid Bal 0.2500 - Valid MAE 1.8404 - Thr 0.50 - EmptyThr 1.000
Epoch 61/100 - 11.444s - Loss -563411771804278336.000000 - ValidLoss -580097661890199552.000000 - Valid Acc 0.2447 - Valid Bal 0.2500 - Valid MAE 1.8404 - Thr 0.50 - EmptyThr 1.000
Epoch 62/100 - 11.373s - Loss -658468104265457152.000000 - ValidLoss -603520420657758208.000000 - Valid Acc 0.2447 - Valid Bal 0.2500 - Valid MAE 1.8404 - Thr 0.50 - EmptyThr 1.000
Epoch 63/100 - 11.261s - Loss -640124042959141376.000000 - ValidLoss -624866957874692096.000000 - Valid Acc 0.2447 - Valid Bal 0.2500 - Valid MAE 1.8404 - Thr 0.50 - EmptyThr 1.000
Epoch 64/100 - 11.663s - Loss -734286311527537024.000000 - ValidLoss -647501504244088832.000000 - Valid Acc 0.2447 - Valid Bal 0.2500 - Valid MAE 1.8404 - Thr 0.50 - EmptyThr 1.000
Epoch 65/100 - 11.349s - Loss -746320303969984000.000000 - ValidLoss -669570695478378496.000000 - Valid Acc 0.2447 - Valid Bal 0.2500 - Valid MAE 1.8404 - Thr 0.50 - EmptyThr 1.000
Epoch 66/100 - 11.266s - Loss -744120187038505600.000000 - ValidLoss -689525044816117760.000000 - Valid Acc 0.2447 - Valid Bal 0.2500 - Valid MAE 1.8404 - Thr 0.50 - EmptyThr 1.000
Epoch 67/100 - 11.273s - Loss -764645204224297728.000000 - ValidLoss -709231179403886592.000000 - Valid Acc 0.2447 - Valid Bal 0.2500 - Valid MAE 1.8404 - Thr 0.50 - EmptyThr 1.000
Epoch 68/100 - 11.524s - Loss -870721033459762944.000000 - ValidLoss -729068293314314240.000000 - Valid Acc 0.2447 - Valid Bal 0.2500 - Valid MAE 1.8404 - Thr 0.50 - EmptyThr 1.000
Epoch 69/100 - 11.373s - Loss -812183392763525632.000000 - ValidLoss -747116295647920128.000000 - Valid Acc 0.2447 - Valid Bal 0.2500 - Valid MAE 1.8404 - Thr 0.50 - EmptyThr 1.000
Epoch 70/100 - 11.292s - Loss -817344916262253568.000000 - ValidLoss -763228470321872896.000000 - Valid Acc 0.2447 - Valid Bal 0.2500 - Valid MAE 1.8404 - Thr 0.50 - EmptyThr 1.000
Epoch 71/100 - 11.374s - Loss -843599194771690368.000000 - ValidLoss -779052229351964672.000000 - Valid Acc 0.2447 - Valid Bal 0.2500 - Valid MAE 1.8404 - Thr 0.50 - EmptyThr 1.000
Epoch 72/100 - 11.551s - Loss -873101152793934336.000000 - ValidLoss -794363547244036096.000000 - Valid Acc 0.2447 - Valid Bal 0.2500 - Valid MAE 1.8404 - Thr 0.50 - EmptyThr 1.000
Epoch 73/100 - 11.343s - Loss -842276464041458432.000000 - ValidLoss -807525319903805440.000000 - Valid Acc 0.2447 - Valid Bal 0.2500 - Valid MAE 1.8404 - Thr 0.50 - EmptyThr 1.000
Epoch 74/100 - 11.291s - Loss -823553304130768256.000000 - ValidLoss -819768519318044672.000000 - Valid Acc 0.2447 - Valid Bal 0.2500 - Valid MAE 1.8404 - Thr 0.50 - EmptyThr 1.000
Epoch 75/100 - 11.336s - Loss -1056561302880847104.000000 - ValidLoss -833710120599814144.000000 - Valid Acc 0.2447 - Valid Bal 0.2500 - Valid MAE 1.8404 - Thr 0.50 - EmptyThr 1.000
Epoch 76/100 - 11.628s - Loss -895464575667956352.000000 - ValidLoss -844891535379005440.000000 - Valid Acc 0.2447 - Valid Bal 0.2500 - Valid MAE 1.8404 - Thr 0.50 - EmptyThr 1.000
Epoch 77/100 - 11.268s - Loss -874506690974395264.000000 - ValidLoss -854483331222339584.000000 - Valid Acc 0.2447 - Valid Bal 0.2500 - Valid MAE 1.8404 - Thr 0.50 - EmptyThr 1.000
Epoch 78/100 - 11.352s - Loss -935406987966207104.000000 - ValidLoss -864216826626703360.000000 - Valid Acc 0.2447 - Valid Bal 0.2500 - Valid MAE 1.8404 - Thr 0.50 - EmptyThr 1.000
Epoch 79/100 - 11.520s - Loss -1014623613539107072.000000 - ValidLoss -873531339381407744.000000 - Valid Acc 0.2447 - Valid Bal 0.2500 - Valid MAE 1.8404 - Thr 0.50 - EmptyThr 1.000
Epoch 80/100 - 11.666s - Loss -1063786882787576192.000000 - ValidLoss -882926734960230400.000000 - Valid Acc 0.2447 - Valid Bal 0.2500 - Valid MAE 1.8404 - Thr 0.50 - EmptyThr 1.000
Epoch 81/100 - 11.252s - Loss -924691833673620736.000000 - ValidLoss -891365692861841408.000000 - Valid Acc 0.2447 - Valid Bal 0.2500 - Valid MAE 1.8404 - Thr 0.50 - EmptyThr 1.000
Epoch 82/100 - 11.423s - Loss -1072641350904597888.000000 - ValidLoss -900745351680491520.000000 - Valid Acc 0.2447 - Valid Bal 0.2500 - Valid MAE 1.8404 - Thr 0.50 - EmptyThr 1.000
Epoch 83/100 - 11.551s - Loss -991589612652553600.000000 - ValidLoss -909402974957076480.000000 - Valid Acc 0.2447 - Valid Bal 0.2500 - Valid MAE 1.8404 - Thr 0.50 - EmptyThr 1.000
Epoch 84/100 - 11.702s - Loss -949931379436176256.000000 - ValidLoss -917746893822361600.000000 - Valid Acc 0.2447 - Valid Bal 0.2500 - Valid MAE 1.8404 - Thr 0.50 - EmptyThr 1.000
Epoch 85/100 - 11.229s - Loss -1127259328966404352.000000 - ValidLoss -927516260793581568.000000 - Valid Acc 0.2447 - Valid Bal 0.2500 - Valid MAE 1.8404 - Thr 0.50 - EmptyThr 1.000
Epoch 86/100 - 11.361s - Loss -1040964614091959424.000000 - ValidLoss -936439828445134848.000000 - Valid Acc 0.2447 - Valid Bal 0.2500 - Valid MAE 1.8404 - Thr 0.50 - EmptyThr 1.000
Epoch 87/100 - 11.301s - Loss -1112414789703055872.000000 - ValidLoss -945484823412080640.000000 - Valid Acc 0.2447 - Valid Bal 0.2500 - Valid MAE 1.8404 - Thr 0.50 - EmptyThr 1.000
Epoch 88/100 - 11.496s - Loss -1109432153263694592.000000 - ValidLoss -954863107841196032.000000 - Valid Acc 0.2447 - Valid Bal 0.2500 - Valid MAE 1.8404 - Thr 0.50 - EmptyThr 1.000
Epoch 89/100 - 11.191s - Loss -978558359258064896.000000 - ValidLoss -963031585882374144.000000 - Valid Acc 0.2447 - Valid Bal 0.2500 - Valid MAE 1.8404 - Thr 0.50 - EmptyThr 1.000
Epoch 90/100 - 11.369s - Loss -1004268536106211072.000000 - ValidLoss -971341832204058624.000000 - Valid Acc 0.2447 - Valid Bal 0.2500 - Valid MAE 1.8404 - Thr 0.50 - EmptyThr 1.000
Epoch 91/100 - 11.467s - Loss -934092715617765504.000000 - ValidLoss -979581847220518912.000000 - Valid Acc 0.2447 - Valid Bal 0.2500 - Valid MAE 1.8404 - Thr 0.50 - EmptyThr 1.000
Epoch 92/100 - 11.568s - Loss -1026587270778236416.000000 - ValidLoss -987976549779111936.000000 - Valid Acc 0.2447 - Valid Bal 0.2500 - Valid MAE 1.8404 - Thr 0.50 - EmptyThr 1.000
Epoch 93/100 - 11.258s - Loss -1072910035596627328.000000 - ValidLoss -997094112513490944.000000 - Valid Acc 0.2447 - Valid Bal 0.2500 - Valid MAE 1.8404 - Thr 0.50 - EmptyThr 1.000
Epoch 94/100 - 11.404s - Loss -1057643490818179328.000000 - ValidLoss -1006001668526964736.000000 - Valid Acc 0.2447 - Valid Bal 0.2500 - Valid MAE 1.8404 - Thr 0.50 - EmptyThr 1.000
Epoch 95/100 - 11.643s - Loss -1091184459395465856.000000 - ValidLoss -1015005775405252608.000000 - Valid Acc 0.2447 - Valid Bal 0.2500 - Valid MAE 1.8404 - Thr 0.50 - EmptyThr 1.000
Epoch 96/100 - 11.599s - Loss -1263385890753950976.000000 - ValidLoss -1025602799754280960.000000 - Valid Acc 0.2447 - Valid Bal 0.2500 - Valid MAE 1.8404 - Thr 0.50 - EmptyThr 1.000
Epoch 97/100 - 11.137s - Loss -1195911224513478400.000000 - ValidLoss -1035805580465274880.000000 - Valid Acc 0.2447 - Valid Bal 0.2500 - Valid MAE 1.8404 - Thr 0.50 - EmptyThr 1.000
Epoch 98/100 - 11.449s - Loss -1046632025493453952.000000 - ValidLoss -1044335316795654144.000000 - Valid Acc 0.2447 - Valid Bal 0.2500 - Valid MAE 1.8404 - Thr 0.50 - EmptyThr 1.000
Epoch 99/100 - 11.531s - Loss -1187627532446592256.000000 - ValidLoss -1054201303351164928.000000 - Valid Acc 0.2447 - Valid Bal 0.2500 - Valid MAE 1.8404 - Thr 0.50 - EmptyThr 1.000
Epoch that the model was saved 12
Best smoothed balanced count accuracy: 0.483865, smoothed count MAE: 0.753876
  [classroom] COUNT Acc 0.1643 - Bal 0.1333 - MAE 1.9825 - Occ Acc 0.4812 - Occ F1 0.4876 (Thr 0.43, EmptyThr 0.180)
  Checkpoint saved to visualizations/cross_domain/empty_room_meeting_room/2/model.pth
  [sample 1880] true [] m | pred (0.31, 2.50), (4.06, 2.50), (2.50, 4.06), (0.62, 5.31) m
  [sample 112] true (2.55, 4.55) m | pred (1.56, 2.50), (3.44, 2.50), (2.44, 4.29), (1.25, 4.38), (1.25, 5.94), (3.44, 5.94) m
  [sample 788] true (2.55, 4.55), (1.00, 6.00) m | pred (1.25, 2.50), (3.44, 2.50), (2.44, 4.22), (1.25, 4.38), (1.25, 5.94), (3.44, 5.94) m
  [sample 1156] true (4.10, 3.10), (2.55, 4.55), (1.00, 6.00) m | pred (2.50, 4.06), (0.62, 5.31) m
  [sample 1306] true (4.10, 6.00), (4.10, 3.10), (2.55, 4.55), (1.00, 6.00) m | pred (4.69, 2.50), (0.31, 2.81), (0.31, 5.31), (5.31, 5.31), (4.38, 5.62) m
  [sample 1539] true (4.10, 6.00), (4.10, 3.10), (2.55, 4.55), (1.00, 6.00), (1.00, 3.10) m | pred (4.06, 2.81), (2.50, 4.06), (0.31, 5.31) m

Visualizations saved at visualizations/cross_domain/empty_room_meeting_room/2/classroom

Detailed Performance Analysis:
Mean Error: 0.5188 ± 0.2240

Class-wise Mean Absolute Error:
Class a: 0.5582
Class b: 0.4577
Class c: 0.4625
Class d: 0.5614
Class e: 0.5540

Perfect Predictions: 3.93%

[classroom] avg over 5 repeats: Accuracy 0.1558 ± 0.0231 | Balanced 0.1990 ± 0.0320 | MAE 1.9551 ± 0.1683 | Occ Acc 0.4999 ± 0.0164 | Occ F1 0.4092 ± 0.0684
================================================================================
EXPERIMENT RESULTS - Model: density_map, Task: location
================================================================================
PER_ENV_RESULTS:

classroom:
  GROUP-COUNT METRICS:
  Exact-count Accuracy: 0.1558 ± 0.0231 (SE)
  Balanced-count Accuracy: 0.1990 ± 0.0320 (SE)
  Count MAE: 1.9551 ± 0.1683 (SE)
  Occupancy Accuracy: 0.4999 ± 0.0164 (SE)
  Occupancy F1: 0.4092 ± 0.0684 (SE)
  Per-count Accuracy: 0:0.600, 1:0.192, 2:0.067, 3:0.166, 4:0.149, 5:0.020

Results saved to: output/cross_domain/density_map_location_train-empty_room+meeting_room_test-classroom_r5_e100_20261006_041627.json
Report saved to:  output/cross_domain/density_map_location_train-empty_room+meeting_room_test-classroom_r5_e100_20261006_041627.txt
Total time: 5774.047319173813 seconds
